DOI,Sample_ID,Location,Source,Date,Concentration,Polymers,Size,Shape,Color
10.1016/j.watres.2017.11.011,1.10.1016/j.watres.2017.11.011,Germany,Single Use Bottles,N/A,14 particles/L,PEST 59%; PE 9%; PP 1%; PA 1% ,> 100 um 2%; 50-100 um 5%; 20-50 um 22%; 10-20 um 30%; 5-10 um 41%,N/A,N/A
10.1016/j.watres.2017.11.011,2.10.1016/j.watres.2017.11.011,Germany,Resuable Bottles,N/A,118 particles/L,PEST 84%; PP 7%; PE 5%; PA 2%,">100 um 1%, 50-100 um 2%, 20-50 um 12%, 10-20 um 29%, 5-10 um 56%",N/A,N/A
10.1016/j.watres.2017.11.011,3.10.1016/j.watres.2017.11.011,Germany,Glass Water Bottles,N/A,50 particles/L,PEST 41%; PE 35%; PP 8%,> 100 um 3%; 50-100 um 7%; 20-50 um 14%; 10-20 um 32%; 5-10 um 45%,N/A,N/A
10.1016/j.watres.2017.11.011,4.10.1016/j.watres.2017.11.011,Germany,Beverage Cartons,N/A,11 particles/L,PE 38%; PEST 32%; PP 26%,>100 um 7%; 50-100 um 10%; 20-50 um 16%; 10-20 um 28%; 5-10 um 39%,N/A,N/A
10.1039/c6ay01184e,1.10.1039/c6ay01184e,Germany,Beer bottles,N/A,10-19 particles/0.33 L,PS; PE+PS; PE; Cellulose,1 um-5 mm,Fibers,N/A
10.1039/c6ay01184e,2.10.1039/c6ay01184e,Germany,Bottled mineral water,N/A,1 particles/0.33 L,PET,N/A,Fibers,N/A
10.3389/fchem.2018.00407,IB 101119,"Jakarta, Indonesia",Aqua (bottled water brand),N/A,37.1 particles/L,PP 54%; Nylon 16%; PS 11%; PE 10%; PEST 6%,N/A,Fragment 65%; Fiber 13%; Pellet 3%; Film 14%; Foam 5%,N/A
10.3389/fchem.2018.00407,BB 311019 08: 11 PSRL6,"Bali, Indonesia",Aqua (bottled water brand),N/A,705 particles/L,PP 54%; Nylon 16%; PS 11%; PE 10%; PEST 6%,N/A,Fragment 65%; Fiber 13%; Pellet 3%; Film 14%; Foam 5%,N/A
10.3389/fchem.2018.00407,BB 311019 09: 50 STB1,"Medan, Indonesia",Aqua (bottled water brand),N/A,404 particles/L,PP 54%; Nylon 16%; PS 11%; PE 10%; PEST 6%,N/A,Fragment 65%; Fiber 13%; Pellet 3%; Film 14%; Foam 5%,N/A
10.3389/fchem.2018.00407,Oct0719,N/A,"Aquafina (bottled water brand, purchased on Amazon)",N/A,252 particles/L,PP 54%; Nylon 16%; PS 11%; PE 10%; PEST 6%,N/A,Fragment 65%; Fiber 13%; Pellet 3%; Film 14%; Foam 5%,N/A
10.3389/fchem.2018.00407,BN7141A04117,"Chennai, India",Aquafina (bottled water brand),N/A,174 particles/L,PP 54%; Nylon 16%; PS 11%; PE 10%; PEST 6%,N/A,Fragment 65%; Fiber 13%; Pellet 3%; Film 14%; Foam 5%,N/A
10.3389/fchem.2018.00407,HE.B.No 229 (BM/AS),"Chennai, India",Bisleri (bottled water brand),N/A,826 particles/L,PP 54%; Nylon 16%; PS 11%; PE 10%; PEST 6%,N/A,Fragment 65%; Fiber 13%; Pellet 3%; Film 14%; Foam 5%,N/A
10.3389/fchem.2018.00407,MU.N.No.298 (MA/AD),"Mumbai, India",Bisleri (bottled water brand),N/A,213 particles/ L,PP 54%; Nylon 16%; PS 11%; PE 10%; PEST 6%,N/A,Fragment 65%; Fiber 13%; Pellet 3%; Film 14%; Foam 5%,N/A
10.3389/fchem.2018.00407,SO.B No.087 (AS/LB),"New Delhi, India",Bisleri (bottled water brand),N/A,3.72 particles/L,PP 54%; Nylon 16%; PS 11%; PE 10%; PEST 6%,N/A,Fragment 65%; Fiber 13%; Pellet 3%; Film 14%; Foam 5%,N/A
10.3389/fchem.2018.00407,Oct 0118NHBRB,N/A,"Dasani (bottled water brand, purchased on Amazon)",N/A,165 particles/L,PP 54%; Nylon 16%; PS 11%; PE 10%; PEST 6%,N/A,Fragment 65%; Fiber 13%; Pellet 3%; Film 14%; Foam 5%,N/A
10.3389/fchem.2018.00407,P18NOV17CG3,"Nairobi, Kenya",Dasani (bottled water brand),N/A,74.6 particles/L,PP 54%; Nylon 16%; PS 11%; PE 10%; PEST 6%,N/A,Fragment 65%; Fiber 13%; Pellet 3%; Film 14%; Foam 5%,N/A
10.3389/fchem.2018.00407,17.11.18,"Mexico City, Mexico",E-Pura (bottled water brand),11/17/2018,686 particles/L,PP 54%; Nylon 16%; PS 11%; PE 10%; PEST 6%,N/A,Fragment 65%; Fiber 13%; Pellet 3%; Film 14%; Foam 5%,N/A
10.3389/fchem.2018.00407,14.10.18,"Tijuana, Mexico",E-Pura (bottled water brand),10/14/2018,20.0 particles/L,PP 54%; Nylon 16%; PS 11%; PE 10%; PEST 6%,N/A,Fragment 65%; Fiber 13%; Pellet 3%; Film 14%; Foam 5%,N/A
10.3389/fchem.2018.00407,09.08.18,"Reynosa, Mexico",E-Pura (bottled water brand),8/9/2018,37.3 particles/ L,PP 54%; Nylon 16%; PS 11%; PE 10%; PEST 6%,N/A,Fragment 65%; Fiber 13%; Pellet 3%; Film 14%; Foam 5%,N/A
10.3389/fchem.2018.00407,PRD 03 21 2017 14:02,N/A,"Evian (bottled water brand, purchased on Amazon)",N/A,197 particles/L,PP 54%; Nylon 16%; PS 11%; PE 10%; PEST 6%,N/A,Fragment 65%; Fiber 13%; Pellet 3%; Film 14%; Foam 5%,N/A
10.3389/fchem.2018.00407,PRD 05 24 17 11:29,"Fredonia, NY, USA",Evian (bottled water brand),N/A,58.2 particles/L,PP 54%; Nylon 16%; PS 11%; PE 10%; PEST 6%,N/A,Fragment 65%; Fiber 13%; Pellet 3%; Film 14%; Foam 5%,N/A
10.3389/fchem.2018.00407,07.142018 2,"Fredonia, NY, USA",Gerolsteiner (bottled water brand),N/A,1410 particles/L,PP 54%; Nylon 16%; PS 11%; PE 10%; PEST 6%,N/A,Fragment 65%; Fiber 13%; Pellet 3%; Film 14%; Foam 5%,N/A
10.3389/fchem.2018.00407,NV No. AC-51-07269,N/A,"Gerolsteiner (bottled water brand, purchased on Amazon)",N/A,204 particles/L,PP 54%; Nylon 16%; PS 11%; PE 10%; PEST 6%,N/A,Fragment 65%; Fiber 13%; Pellet 3%; Film 14%; Foam 5%,N/A
10.3389/fchem.2018.00407,FAB: 211017 09:06SP,"Sao Paulo, Brazil",Minalba (bottled water brand),N/A,40.1 particles/L,PP 54%; Nylon 16%; PS 11%; PE 10%; PEST 6%,N/A,Fragment 65%; Fiber 13%; Pellet 3%; Film 14%; Foam 5%,N/A
10.3389/fchem.2018.00407,FAB: 160817 15:05SP,"Aparecida de Goiania, Brazil",Minalba (bottled water brand),N/A,12.5 particles/L,PP 54%; Nylon 16%; PS 11%; PE 10%; PEST 6%,N/A,Fragment 65%; Fiber 13%; Pellet 3%; Film 14%; Foam 5%,N/A
10.3389/fchem.2018.00407,FAB: 091217 16:53SP,"Rio de Janerio, Brazil",Minalba (bottled water brand),N/A,150 particles/L,PP 54%; Nylon 16%; PS 11%; PE 10%; PEST 6%,N/A,Fragment 65%; Fiber 13%; Pellet 3%; Film 14%; Foam 5%,N/A
10.3389/fchem.2018.00407,100517 278WF246,N/A,"Nestle Pure Life (bottled water brand, purchased on Amazon)",N/A,2277 particles/L,PP 54%; Nylon 16%; PS 11%; PE 10%; PEST 6%,N/A,Fragment 65%; Fiber 13%; Pellet 3%; Film 14%; Foam 5%,N/A
10.3389/fchem.2018.00407,P: 4/11/17 03:34 AZ,"Beirut, Lebanon",Nestle Pure Life (bottled water brand),N/A,49.3 particles/L,PP 54%; Nylon 16%; PS 11%; PE 10%; PEST 6%,N/A,Fragment 65%; Fiber 13%; Pellet 3%; Film 14%; Foam 5%,N/A
10.3389/fchem.2018.00407,730805210A 23:28,"Bangkok, Thailand",Nestle Pure Life (bottled water brand),N/A,468 particles/L,PP 54%; Nylon 16%; PS 11%; PE 10%; PEST 6%,N/A,Fragment 65%; Fiber 13%; Pellet 3%; Film 14%; Foam 5%,N/A
10.3389/fchem.2018.00407,BBE 11.2018 10,N/A,"San Pellegrino (bottled water brand, purchased on Amazon)",N/A,30.3 particles/L,PP 54%; Nylon 16%; PS 11%; PE 10%; PEST 6%,N/A,Fragment 65%; Fiber 13%; Pellet 3%; Film 14%; Foam 5%,N/A
10.3389/fchem.2018.00407,20171102 1214JN,"Jinan, China",Wahaha (bottled water brand),N/A,156 particles/L,PP 54%; Nylon 16%; PS 11%; PE 10%; PEST 6%,N/A,Fragment 65%; Fiber 13%; Pellet 3%; Film 14%; Foam 5%,N/A
10.3389/fchem.2018.00407,20171021 3214GH,"Beijing, China",Wahaha (bottled water brand),N/A,66.7 particles/L,PP 54%; Nylon 16%; PS 11%; PE 10%; PEST 6%,N/A,Fragment 65%; Fiber 13%; Pellet 3%; Film 14%; Foam 5%,N/A
10.3389/fchem.2018.00407,20171103 2106WF,"Qingdao, China",Wahaha (bottled water brand),N/A,67.1 particles/L,PP 54%; Nylon 16%; PS 11%; PE 10%; PEST 6%,N/A,Fragment 65%; Fiber 13%; Pellet 3%; Film 14%; Foam 5%,N/A
10.1371/journal.pone.0194970,Tap Water_Cuba,"Havana, Cuba",Tap Water,N/A,7.17 particles/L,N/A,N/A,N/A,N/A
10.1371/journal.pone.0194970,Tap Water_Ecuador,"Quito, Ecuador",Tap Water,N/A,4.02 particles/L,N/A,N/A,N/A,N/A
10.1371/journal.pone.0194970,Tap Water_England,"London, England",Tap Water,N/A,7.73 particles/L,N/A,N/A,N/A,N/A
10.1371/journal.pone.0194970,Tap Water_France,"Paris, France",Tap Water,N/A,1.82 particles/L,N/A,N/A,N/A,N/A
10.1371/journal.pone.0194970,Tap Water_Germany,"Berlin, Germany; Tubingen, Germany",Tap Water,N/A,0.91 particles/L,N/A,N/A,N/A,N/A
10.1371/journal.pone.0194970,Tap Water_India,"Ner Delhi, India",Tap Water,N/A,6.24 particles/L,N/A,N/A,N/A,N/A
10.1371/journal.pone.0194970,Tap Water_Indonesia,"Depok City, Indonesia; Desa Puspanegara, Indonesia; Jakarta, Indonesia; Jatirahayu, Indonesia; Kedaung, Indonesia; Menteng, Indonesia; North Paninggilan, Indonesia; Pasireurih, Indonesia; South Tangerang City, Indonesia; Sukatani, Indonesia; Teluknaga, Indonesia; Warnasari, Indonesia",Tap Water,N/A,3.23 particles/L,N/A,N/A,N/A,N/A
10.1371/journal.pone.0194970,Tap Water_Ireland,"Dublin, Ireland",Tap Water,N/A,1.83 particles/L,N/A,N/A,N/A,N/A
10.1371/journal.pone.0194970,Tap Water_Italy,"Pavia, Italy",Tap Water,N/A,0 particles/L,N/A,N/A,N/A,N/A
10.1371/journal.pone.0194970,Tap Water_Lebanon,"Beirut, Lebanon; Burj el Brajneh, Lebanon; Choueifat, Lebanon; Ghobayreh, Lebanon; Khaldeh, Lebanon; Mreijeh, Lebanon",Tap Water,N/A,6.64 particles/L,N/A,N/A,N/A,N/A
10.1371/journal.pone.0194970,Tap Water_Slovakia,"Brezova pod Bradlom, Slovakia; Kocvce, Slovakia; Piestany, Slovakia; Poprad, Slovakia; Prasnik, Slovakia; Radosina, Slovakia; Ruzomberok, Slovakia",Tap Water,N/A,3.83 particles/L,N/A,N/A,N/A,N/A
10.1371/journal.pone.0194970,Tap Water_Switzerland,"Davos Platz, Switzerland; Gerbertingen, Switzerland",Tap Water,N/A,2.74 particles/L,N/A,N/A,N/A,N/A
10.1371/journal.pone.0194970,Tap Water_Uganda,"Jinja, Uganda; Kampala, Uganda",Tap Water,N/A,3.92 particles/L,N/A,N/A,N/A,N/A
10.1371/journal.pone.0194970,Tap Water_USA,"Alpena, USA; Buffalo, USA; Chicago, USA; Clayton, USA; Duluth, USA; Glenview, USA; Holland, USA; Lawrence, USA; Los Angeles, USA; Louisville, USA; Mahopack, USA; Middle Village, USA; New York City, USA; Overland Park, USA; Palmetto Bay, USA; Pinebluff, USA; Spring, USA; Washington DC, USA; Wauwatosa, USA",Tap Water,N/A,9.24 particles/L,N/A,N/A,N/A,N/A
10.1371/journal.pone.0194970,Bottled Water,USA,Bottled water,N/A,3.57 particles/L,N/A,N/A,N/A,N/A
10.1371/journal.pone.0194970,Lake Superior 1,Lake Superior,Beer bottles,N/A,0.67 particles/L,N/A,N/A,N/A,N/A
10.1371/journal.pone.0194970,Lake Superior 2,Lake Superior,Beer bottles,N/A,4.33 particles/L,N/A,N/A,N/A,N/A
10.1371/journal.pone.0194970,Lake Superior 3,Lake Superior,Beer bottles,N/A,3.33 particles/L,N/A,N/A,N/A,N/A
10.1371/journal.pone.0194970,Lake Michigan 1,Lake Michigan,Beer bottles,N/A,1.33 particles/L,N/A,N/A,N/A,N/A
10.1371/journal.pone.0194970,Lake Michigan 2,Lake Michigan,Beer bottles,N/A,0.00 particles/L,N/A,N/A,N/A,N/A
10.1371/journal.pone.0194970,Lake Michigan 3,Lake Michigan,Beer bottles,N/A,14.3 particles/L,N/A,N/A,N/A,N/A
10.1371/journal.pone.0194970,Lake Michigan 4,Lake Michigan,Beer bottles,N/A,2.33 particles/L,N/A,N/A,N/A,N/A
10.1371/journal.pone.0194970,Lake Huron 1,Lake Huron,Beer bottles,N/A,1.33 particles/L,N/A,N/A,N/A,N/A
10.1371/journal.pone.0194970,Lake Erie 1,Lake Erie,Beer bottles,N/A,2.00 particles/L,N/A,N/A,N/A,N/A
10.1371/journal.pone.0194970,Lake Erie 2,Lake Erie,Beer bottles,N/A,3.00 particles/L,N/A,N/A,N/A,N/A
10.1371/journal.pone.0194970,Lake Ontario 1,Lake Ontario,Beer bottles,N/A,8.00 particles/L,N/A,N/A,N/A,N/A
10.1371/journal.pone.0194970,Lake Ontario 2,Lake Ontario,Beer bottles,N/A,8.00 particles/L,N/A,N/A,N/A,N/A
10.1016/j.sciotenv.2018.08.178,Nethen.1,"Nethen, Belgium",Tap water,N/A,3 particles/m3,PVC; epoxy resin,N/A,N/A,N/A
10.1016/j.sciotenv.2018.08.178,Nethen.2,"Nethen, Belgium",Tap water,N/A,0 particles/m3,N/A,N/A,N/A,N/A
10.1016/j.sciotenv.2018.08.178,Nethen.3,"Nethen, Belgium",Tap water,N/A,1 particles/m3,PA,N/A,N/A,N/A
10.1016/j.sciotenv.2018.08.178,Nethen.4,"Nethen, Belgium",Tap water,N/A,0 particles/m3,N/A,N/A,N/A,N/A
10.1016/j.sciotenv.2018.08.178,Holdorf.1a,"Holdorf, Germany",Tap water,N/A,7 particles/m3,PEST,N/A,N/A,N/A
10.1016/j.sciotenv.2018.08.178,Holdorf.1b,"Holdorf, Germany",Tap water,N/A,0 particles/m3,N/A,N/A,N/A,N/A
10.1016/j.sciotenv.2018.08.178,Holdorf.2,"Holdorf, Germany",Tap water,N/A,1 particles/m3,PVC,N/A,N/A,N/A
10.1016/j.sciotenv.2018.08.178,Holdorf.3,"Holdorf, Germany",Tap water,N/A,3 particles/m3,PA; PEST,N/A,N/A,N/A
10.1016/j.sciotenv.2018.08.178,Holdorf.4,"Holdorf, Germany",Tap water,N/A,0 particles/m3,N/A,N/A,N/A,N/A
10.1016/j.sciotenv.2018.08.178,Grossenkneten.1,"Grossenkneten, Germany",Tap water,N/A,0 particles/m3,N/A,N/A,N/A,N/A
10.1016/j.sciotenv.2018.08.178,Grossenkneten.2,"Grossenkneten, Germany",Tap water,N/A,0 particles/m3,N/A,N/A,N/A,N/A
10.1016/j.sciotenv.2018.08.178,Grossenkneten.3,"Grossenkneten, Germany",Tap water,N/A,0 particles/m3,N/A,N/A,N/A,N/A
10.1016/j.sciotenv.2018.08.178,Grossenkneten.4,"Grossenkneten, Germany",Tap water,N/A,0 particles/m3,N/A,N/A,N/A,N/A
10.1016/j.sciotenv.2018.08.178,Sandelermoens.1,"Sandelermoens, Germany",Tap water,N/A,0 particles/m3,N/A,N/A,N/A,N/A
10.1016/j.sciotenv.2018.08.178,Sandelermoens.2,"Sandelermoens, Germany",Tap water,N/A,1 particles/m3,PA,N/A,N/A,N/A
10.1016/j.sciotenv.2018.08.178,Sandelermoens.3,"Sandelermoens, Germany",Tap water,N/A,1 particles/m3,PEST,N/A,N/A,N/A
10.1016/j.sciotenv.2018.08.178,Sandelermoens.4,"Sandelermoens, Germany",Tap water,N/A,0 particles/m3,N/A,N/A,N/A,N/A
10.1016/j.sciotenv.2018.08.178,Thuelsfelde.1,"Thuelsfelde, Germany",Tap water,N/A,0 particles/m3,N/A,N/A,N/A,N/A
10.1016/j.sciotenv.2018.08.178,Thuelsfelde.2,"Thuelsfelde, Germany",Tap water,N/A,1 particles/m3,PVC,N/A,N/A,N/A
10.1016/j.sciotenv.2018.08.178,Thuelsfelde.3,"Thuelsfelde, Germany",Tap water,N/A,1 particles/m3,PEST,N/A,N/A,N/A
10.1016/j.sciotenv.2018.08.178,Thuelsfelde.4,"Thuelsfelde, Germany",Tap water,N/A,0 particles/m3,N/A,N/A,N/A,N/A
10.1016/j.sciotenv.2018.08.178,Holdorf.Well 1,"Holdorf, Germany",Well water,N/A,2 particles/m3,PE,N/A,N/A,N/A
10.1016/j.sciotenv.2018.08.178,Holdorf.Well 2,"Holdorf, Germany",Well water,N/A,0 particles/m3,N/A,N/A,N/A,N/A
10.1016/j.sciotenv.2018.08.178,Holdorf.Well 3,"Holdorf, Germany",Well water,N/A,0 particles/m3,N/A,N/A,N/A,N/A
10.1016/j.sciotenv.2018.08.102,Mineral Water.1,Czeck Republic,Mineral water from reusable plastic bottles,Nov 2017-Jan 2018,118 particles/L,N/A,N/A,N/A,N/A
10.1016/j.sciotenv.2018.08.102,Mineral Water.2,Czeck Republic,Mineral water from single use bottles,Nov 2017-Jan 2018,14 particles/L,N/A,N/A,N/A,N/A
10.1016/j.sciotenv.2018.08.102,Mineral Water.3,Czeck Republic,Mineral water from glass bottles,Nov 2017-Jan 2018,50 particles/L,N/A,N/A,N/A,N/A
10.1016/j.sciotenv.2018.08.102,Mineral Water.4,Czeck Republic,Mineral water from beverage cartons,Nov 2017-Jan 2018,11 particles/L,N/A,N/A,N/A,N/A
10.1016/j.sciotenv.2018.08.102,Mineral Water.5,Czeck Republic,Mineral water from single use PET bottles,Nov 2017-Jan 2018,2649 particles/L,N/A,N/A,N/A,N/A
10.1016/j.sciotenv.2018.08.102,Mineral Water.6,Czeck Republic,Mineral water from reusable PET bottles,Nov 2017-Jan 2018,4889 particles/L,N/A,N/A,N/A,N/A
10.1016/j.sciotenv.2018.08.102,Mineral Water.7,Czeck Republic,Mineral water from glass bottles,Nov 2017-Jan 2018,6292 particles/L,N/A,N/A,N/A,N/A
10.1016/j.sciotenv.2018.08.102,WTP1_Treated,Czeck Republic,Drinking water treatment plant,Nov 2017-Jan 2018,443 particles/L,PAM; PET; PP,1-5 um 25-60%; 5-10 um 30-50%; 10-50 um remaining percent,fragments; spherical; fibers,N/A
10.1016/j.sciotenv.2018.08.102,WTP2_Treated,Czeck Republic,Drinking water treatment plant,Nov 2017-Jan 2018,338 particles/L,PAM; PET; PP; PVC,1-5 um 25-60%; 5-10 um 30-50%; 10-50 um remaining percent,fragments; spherical; fibers,N/A
10.1016/j.sciotenv.2018.08.102,WTP3_Treated,Czeck Republic,Drinking water treatment plant,Nov 2017-Jan 2018,628 particles/L,PAM; PE; PET; PP,1-5 um 25-60%; 5-10 um 30-50%; 10-50 um remaining percent,fragments; spherical; fibers,N/A
http://dce2.au.dk/pub/SR291.pdf ,1a.http://dce2.au.dk/pub/SR291.pdf ,Knabrostræde (1210 Kbh. K) ,Tap water,4/11/2018,29 particles/50 L,Cellulose 31%,N/A,fibers 86%; fragments 10%; films 3%,N/A
http://dce2.au.dk/pub/SR291.pdf ,1b.http://dce2.au.dk/pub/SR291.pdf ,Knabrostræde (1210 Kbh. K) ,Tap water,6/1/2018,18 particles/50 L,Cellulose 28%,N/A,fibers 72%; fragments 28%,N/A
http://dce2.au.dk/pub/SR291.pdf ,2.http://dce2.au.dk/pub/SR291.pdf ,Eriksgade (1708 Kbh. V) ,Tap water,4/11/2018,16 particles/50 L,Cellulose 56%,N/A,fibers 78%; fragments 6%; films 6%,N/A
http://dce2.au.dk/pub/SR291.pdf ,3.http://dce2.au.dk/pub/SR291.pdf ,Blegdamsvej (2200 Kbh N) ,Tap water,5/2/2018,12 particles/50 L,Cellulose 42%,N/A,fibers 100%,N/A
http://dce2.au.dk/pub/SR291.pdf ,4.http://dce2.au.dk/pub/SR291.pdf ,Ernie Wilkins Vej (2450 Kbh S.) ,Tap water,5/2/2018,13 particles/50 L,Cellulose 23%,N/A,fibers 62%; fragments 7%; films 31%,N/A
http://dce2.au.dk/pub/SR291.pdf ,5.http://dce2.au.dk/pub/SR291.pdf ,Saunte Bygade (3100 Hornbæk) ,Tap water,4/4/2018,7 particles/50 L,Cellulose 57%,N/A,fibers 86%; fragments 14%,N/A
http://dce2.au.dk/pub/SR291.pdf ,6.http://dce2.au.dk/pub/SR291.pdf ,Kolibrivej (4040 Jyllinge) ,Tap water,5/28/2018,11 particles/50 L,Cellulose 18%,N/A,fibers 90%; fragments 10%,N/A
http://dce2.au.dk/pub/SR291.pdf ,7.http://dce2.au.dk/pub/SR291.pdf ,Østre Alle? (4800 Nykøbing F) ,Tap water,6/8/2018,10 particles/50 L,PP 10%; Cellulose 70%,N/A,fibers 100%,N/A
http://dce2.au.dk/pub/SR291.pdf ,8.http://dce2.au.dk/pub/SR291.pdf ,Ore Strandpark (4850 Stubbekøbing) ,Tap water,6/8/2018,30 particles/ 50 L,PS 3%; Cellulose 13%,N/A,fibers 67%; fragments 23%; films 10%,N/A
http://dce2.au.dk/pub/SR291.pdf ,9.http://dce2.au.dk/pub/SR291.pdf ,Villestofteheg-net (5210 Odense NV) ,Tap water,5/26/2018,12 particles/ 50 L,Cellulose 33%,N/A,fibers 84%; fragments 8%; films 8%,N/A
http://dce2.au.dk/pub/SR291.pdf ,10.http://dce2.au.dk/pub/SR291.pdf ,Lindehaven (5270 Odense) ,Tap water,5/26/2018,13 particles/ 50 L,Cellulose 54%,N/A,fibers 100%,N/A
http://dce2.au.dk/pub/SR291.pdf ,11.http://dce2.au.dk/pub/SR291.pdf ,Dagmargade 6000 Odense C) ,Tap water,5/26/2018,11 particles/ 50 L,Cellulose 55%,N/A,fibers 100%,N/A
http://dce2.au.dk/pub/SR291.pdf ,12.http://dce2.au.dk/pub/SR291.pdf ,Hjelmalle? (6200 Aabenra?) ,Tap water,4/19/2018,27 particles/ 50 L,Cellulose 30%,N/A,fibers 74%; fragments 26%,N/A
http://dce2.au.dk/pub/SR291.pdf ,13.http://dce2.au.dk/pub/SR291.pdf ,Lundsbjerg Industrivej (6200 Aabenra?) ,Tap water,4/19/2018,9 particles/ 50 L,Cellulose 33%,N/A,fibers 100%,N/A
http://dce2.au.dk/pub/SR291.pdf ,14.http://dce2.au.dk/pub/SR291.pdf ,Kværsløkke (6300 Gråsten),Tap water,4/19/2018,4 particles/ 50 L,Cellulose 100%,N/A,fibers 100%,N/A
http://dce2.au.dk/pub/SR291.pdf ,15.http://dce2.au.dk/pub/SR291.pdf ,Aavangen (9575 Terndrup) ,Tap water,5/16/2018,19 particles/ 50 L,PP 5%; Cellulose 21%,N/A,fibers 74%; fragments 26%,N/A
http://dce2.au.dk/pub/SR291.pdf ,16.http://dce2.au.dk/pub/SR291.pdf ,Gunnar Clausens vej (8260 Viby J.) ,Tap water,5/16/2018,17 particles/ 50 L,PET 5%; Cellulose 35%,N/A,fibers 70%; fragments 30%,N/A
http://dce2.au.dk/pub/SR291.pdf ,17.http://dce2.au.dk/pub/SR291.pdf ,Kristtornvej (8200 Aarhus N.) ,Tap water,5/16/2018,13 particles/ 50 L,Cellulose 31%,N/A,fibers 92%; fragments 8%,N/A
10.1016/j.hazmat.2021.125708,S2.10.1016/j.hazmat.2021.125708,"Algard lakes, Norway",Drinking water treatment plant,N/A,9.7 ug/m3,PA; PVC; PET; PE,N/A,N/A,N/A
10.1016/j.hazmat.2021.125708,S3.10.1016/j.hazmat.2021.125708,South-western Norway,Drinking water treatment plant,N/A,12.8 ug/m3,PA; PVC; PET; PE,N/A,N/A,N/A
10.1016/j.hazmat.2021.125708,S4.10.1016/j.hazmat.2021.125708,South-western Norway,Drinking water treatment plant,N/A,6.1 ug/m3,PVC; PE,N/A,N/A,N/A
10.1016/j.chemosphere.2021.131881,In_Lab_10.1016/j.chemosphere.2021.131881,N/A,Spiked tap water,N/A,N/A,PET; PVC; Nylon; PET,N/A,fiber; fragment,clear; blue; red; brown; green; orange
10.1016/j.chemosphere.2021.131881,In_Line_10.1016/j.chemosphere.2021.131881,N/A,Spiked tap water,N/A,N/A,PET; PVC; Nylon; PET,N/A,fiber; fragment,clear; blue; red; brown; green; orange
10.1016/j.cej.2018.11.155,1.10.1016/j.cej.2018.11.155,N/A,Spiked tap water,N/A,N/A,PE; PAM,<0.5 mm; 0.5-1 mm; 1-2 mm; 2-5 mm,N/A,N/A
10.1016/j.chemosphere.2021.132587,settled_10.1016/j.chemosphere.2021.132587,"Ontario, Canada",Drinking water treatment plant,N/A,11 particles/L,plastic additive; PBT; PE; PU; PET-PEST,10-45 um; 45-125 um; 125-300 um; 300-500 um; >500 um,N/A,N/A
10.1016/j.chemosphere.2021.132588,filtered_10.1016/j.chemosphere.2021.132587,"Ontario, Canada",Drinking water treatment plant,N/A,11 particles/L,PAN; plastic additive; PBT; PE; PU; PP; PET-PEST,10-45 um; 45-125 um; 125-300 um; 300-500 um; >500 um,N/A,N/A
10.1016/j.chemosphere.2021.132589,clearwell_10.1016/j.chemosphere.2021.132587,"Ontario, Canada",Drinking water treatment plant,N/A,31 particles/L,silicone; plastic additive; PE; PU; PET-PEST,10-45 um; 45-125 um; 125-300 um; 300-500 um; >500 um,N/A,N/A
10.1016/j.chemosphere.2021.132590,distribution_10.1016/j.chemosphere.2021.132587,"Ontario, Canada",Drinking water treatment plant,N/A,20 particles/L,plastic additive; PBT; PE; PP; PET-PEST,10-45 um; 45-125 um; 125-300 um; 300-500 um; >500 um,N/A,N/A
10.1016/j.watres.2020.11.6519,V.10.1016/j.watres.2020.11.6519,"Skane, Sweeden",Drinking water treatment plant,N/A,N/A,acrylic; PE; PVC,8-316 um,fibers 19%; fragments 81%,N/A
10.1016/j.watres.2020.11.6519,BJP.10.1016/j.watres.2020.11.6519,"Skane, Sweeden",Drinking water treatment plant,N/A,N/A,polyester; acrylic; PA; PE; PVC; PS; PU; PP,8-316 um,fibers 19%; fragments 81%,N/A
10.1016/j.watres.2020.11.6519,BJH.10.1016/j.watres.2020.11.6519,"Skane, Sweeden",Drinking water treatment plant,N/A,N/A,polyester; acrylic; PA; PVC; PP,8-316 um,fibers 19%; fragments 81%,N/A
10.1016/j.watres.2020.11.6519,BOP.10.1016/j.watres.2020.11.6519,"Skane, Sweeden",Drinking water treatment plant,N/A,N/A,polyester; acrylic; PA; PS; PP,8-316 um,fibers 19%; fragments 81%,N/A
10.1016/j.watres.2020.11.6519,BOH.10.1016/j.watres.2020.11.6519,"Skane, Sweeden",Drinking water treatment plant,N/A,N/A,polyester; acrylic; PA; PE; PVC; PP,8-316 um,fibers 19%; fragments 81%,N/A
10.1007/s11270-022-05649-y,1.10.1007/s11270-022-05649-y,"Yangtze River, China; Jailing River, China",River water; spiked filter water,N/A,1.8 g/L,PE; PS; PP,50 um; 500 um; 3000 um,N/A,N/A
10.1016/j.scitotenv.2021.152623,1.10.1016/j.scitotenv.2021.152623,"Geneva, Switzerland",Spiked drinking water,N/A,10 mg/L,PS,110-124 nm,N/A,N/A
10.18520/cs/v117/i11/1874-1879,C.10.18520/cs/v117/i11/1874-1879,"Chennai, India",Commercially available drinking water,N/A,6 particles/L,N/A,N/A,fibers; fragments,red; white; yellow
10.18520/cs/v117/i11/1874-1879,B1.10.18520/cs/v117/i11/1874-1879,"Chennai, India",Commercially available drinking water,N/A,5 particles/L,N/A,N/A,fibers; fragments,blue; white; yellow
10.18520/cs/v117/i11/1874-1879,B2.10.18520/cs/v117/i11/1874-1879,"Chennai, India",Commercially available drinking water,N/A,5 particles/L,N/A,N/A,fibers; fragments,pink; white
10.18520/cs/v117/i11/1874-1879,B3.10.18520/cs/v117/i11/1874-1879,"Chennai, India",Commercially available drinking water,N/A,5 particles/L,N/A,N/A,fibers; fragments,blue; white
10.18520/cs/v117/i11/1874-1879,B4.10.18520/cs/v117/i11/1874-1879,"Chennai, India",Commercially available drinking water,N/A,5 particles/L,N/A,N/A,fibers; fragments,blue; white; yellow
10.18520/cs/v117/i11/1874-1879,B5.10.18520/cs/v117/i11/1874-1879,"Chennai, India",Commercially available drinking water,N/A,2 particles/L,N/A,N/A,fibers; fragments,yellow
10.1016/j.scitotenv.2021.150545,A_BioTreatment_PE.10.1016/j.scitotenv.2021.150545,,Drinking water treatment plant,N/A,610 particles/L,PE,410 particles 5-10um; 200 particles 10-20 um,N/A,N/A
10.1016/j.scitotenv.2021.150545,A_BioTreatment_PP.10.1016/j.scitotenv.2021.150545,,Drinking water treatment plant,N/A,1042.6 particles/L,PP,510 particles 5-10 um; 520  particles 10-20 um; 0.6 particles 100-500 um; 12 particles 20-100 um,N/A,N/A
10.1016/j.scitotenv.2021.150545,A_BioTreatment_PVC.10.1016/j.scitotenv.2021.150545,,Drinking water treatment plant,N/A,560 particles/L,PVC,150 particles 10-20 um; 410 particles 5-10 um,N/A,N/A
10.1016/j.scitotenv.2021.150545,A_Sedimentation_PE.10.1016/j.scitotenv.2021.150545,,Drinking water treatment plant,N/A,1186 particles/L,PE,6 particles 20-100 um; 280 particles 10-20 um; 900 particles 5-10 um,N/A,N/A
10.1016/j.scitotenv.2021.150545,A_Sedimentation_PP.10.1016/j.scitotenv.2021.150545,,Drinking water treatment plant,N/A,1489 particles/L,PP,9 particles 20-10 0um; 380 particles 10-20 um; 1100 particles 5-10um,N/A,N/A
10.1016/j.scitotenv.2021.150545,A_Sedimentation_PVC.10.1016/j.scitotenv.2021.150545,,Drinking water treatment plant,N/A,100.4 particles/L,PVC,0.4 particles 20-100 um; 70 particles 10-20 um; 30 particles 5-10um,N/A,N/A
10.1016/j.scitotenv.2021.150545,A_Ozonation_PE.10.1016/j.scitotenv.2021.150545,,Drinking water treatment plant,N/A,353.2 particles/L,PE,0.2 particles 500 um-1 mm; 0.2 particles 100-500 um; 2.8 particles 20-100 um; 250 particles 5-10 um; 100 particles 10-20 um,N/A,N/A
10.1016/j.scitotenv.2021.150545,A_Ozonation_PP.10.1016/j.scitotenv.2021.150545,,Drinking water treatment plant,N/A,1721.2 particles/L,PP,1 particles 20-100um; 0.2 particles 100-500 um; 620 particles 10-20um; 1100 particles 5-10um,N/A,N/A
10.1016/j.scitotenv.2021.150545,A_Ozonation_PVC.10.1016/j.scitotenv.2021.150545,,Drinking water treatment plant,N/A,650 particles/L,PVC,200 particles 5-10 um; 450 particles 10-20 um,N/A,N/A
10.1016/j.scitotenv.2021.150545,A_BAC_PE.10.1016/j.scitotenv.2021.150545,,Drinking water treatment plant,N/A,271.2 particles/L,PE,1.1 particles 20-100 um; 0.1 particles 100-500 um; 120 particles 10-20 um; 150 particles 5-10 um,N/A,N/A
10.1016/j.scitotenv.2021.150545,A_BAC_PP.10.1016/j.scitotenv.2021.150545,,Drinking water treatment plant,N/A,200.5 particles/L,PP,0.4 particles 20-100 um; 0.1 particles 100-500 um; 80 particles 10-20 um; 120 particles 5-10 um,N/A,N/A
10.1016/j.scitotenv.2021.150545,A_BAC_PVC.10.1016/j.scitotenv.2021.150545,,Drinking water treatment plant,N/A,200.5 particles/L,PVC,0.4 particles 20-100 um; 0.1 particles 100-500 um; 80 particles 10-20 um; 120 particles 5-10 um,N/A,N/A
10.1016/j.scitotenv.2021.150545,A_Flocc_PE.10.1016/j.scitotenv.2021.150545,,Drinking water treatment plant,N/A,62.7 particles/L,PE,12 particles 20-100 um; 0.2 particles 100-500 um; 50 particles 5-10 um; 0.5 10-20 um,N/A,N/A
10.1016/j.scitotenv.2021.150545,A_Flocc_PP.10.1016/j.scitotenv.2021.150545,,Drinking water treatment plant,N/A,774.1 particles/L,PP,9 particles 20-100 um; 0.1 particles 100-500 um; 470 particles 5-10 um; 295 particles 10-20 um,N/A,N/A
10.1016/j.scitotenv.2021.150545,A_Flocc_PVC.10.1016/j.scitotenv.2021.150545,,Drinking water treatment plant,N/A,200.8 particles/L,PVC,0.7 particles 20-100 um; 0.1 particles 100-500 um; 50 particles  10-20 um; 150 particles 5-10 um,N/A,N/A
10.1016/j.scitotenv.2021.150545,A_Sand_PE.10.1016/j.scitotenv.2021.150545,,Drinking water treatment plant,N/A,280.6 particles/L,PE,0.6 particles 20-100 um; 100 particles 10-20 um; 180 particles 5-10 um,N/A,N/A
10.1016/j.scitotenv.2021.150545,A_Sand_PP.10.1016/j.scitotenv.2021.150545,,Drinking water treatment plant,N/A,260.4 particles/L,PP,0.4 particles 20-100 um; 70 particles 10-20 um; 190 particles 5-10 um,N/A,N/A
10.1016/j.scitotenv.2021.150545,A_Sand_PVC.10.1016/j.scitotenv.2021.150545,,Drinking water treatment plant,N/A,200 particles/L,PVC,80 particles 10-20 um; 120 particles 5-10 um,N/A,N/A
10.1016/j.scitotenv.2021.150545,A_Treated_PE.10.1016/j.scitotenv.2021.150545,,Drinking water treatment plant,N/A,180.1 particles/L,PE,0.1 particles 100-500 um; 110 particles 10-20 um; 70 particles 5-10 um,N/A,N/A
10.1016/j.scitotenv.2021.150545,A_Treated_PP.10.1016/j.scitotenv.2021.150545,,Drinking water treatment plant,N/A,200.1 particles/L,PP,0.1 particles 20-100 um; 100 particles 10-20 um; 100 particles 5-10 um,N/A,N/A
10.1016/j.scitotenv.2021.150545,A_Treated_PVC.10.1016/j.scitotenv.2021.150545,,Drinking water treatment plant,N/A,90 particles/L,PVC,40 particles 10-20 um; 50 particles 5-10 um,N/A,N/A
10.1016/j.scitotenv.2021.150545,B_BioTreatment_PA.10.1016/j.scitotenv.2021.150545,,Drinking water treatment plant,N/A,394.1 particles/L,PA,3.6 particles 20-100 um; 0.5 100-500 um; 95 particles 10-20 um; 295 particles 5-10 um,N/A,N/A
10.1016/j.scitotenv.2021.150545,B_BioTreatment_VINYL.10.1016/j.scitotenv.2021.150545,,Drinking water treatment plant,N/A,1092.3 particles/L,VINYL,0.3 particles 100-500 um; 2 particles 20-100 um; 710 particles 10-20 um; 380 particles 5-10 um,N/A,N/A
10.1016/j.scitotenv.2021.150545,B_BioTreatment_VINYON.10.1016/j.scitotenv.2021.150545,,Drinking water treatment plant,N/A,2030 particles/L,VINYON,1350 particles 5-10 um; 680 particles 10-20 um,N/A,N/A
10.1016/j.scitotenv.2021.150545,B_Sedimentation_PA.10.1016/j.scitotenv.2021.150545,,Drinking water treatment plant,N/A,451.3 particles/L,PA,1.2 particles 20-100 um; 0.1 particles 100-500 um; 400 particles 5-10 um; 50 particles 10-20 um,N/A,N/A
10.1016/j.scitotenv.2021.150545,B_Sedimentation_VINYL.10.1016/j.scitotenv.2021.150545,,Drinking water treatment plant,N/A,1042 particles/L,VINYL,12 particles 20-100 um; 280 particles 10-20 um; 750 particles 5-10 um,N/A,N/A
10.1016/j.scitotenv.2021.150545,B_Sedimentation_VINYON.10.1016/j.scitotenv.2021.150545,,Drinking water treatment plant,N/A,504.1 particles/L,VINYON,4 particles 20-100 um; 0.1 particles 100-500 um; 100 particles 10-20 um; 400 particles 5-10 um,N/A,N/A
10.1016/j.scitotenv.2021.150545,B_Ozonation_PA.10.1016/j.scitotenv.2021.150545,,Drinking water treatment plant,N/A,300 particles/L,PA,100 particles 10-20 um; 200 particles 5-10 um,N/A,N/A
10.1016/j.scitotenv.2021.150545,B_Ozonation_VINYL.10.1016/j.scitotenv.2021.150545,,Drinking water treatment plant,N/A,252 particles/L,VINYL,0.1 particles 500 um-1 mm; 0.2 particles 100-500 um; 1.7 particles 20-100 um; 100 particles 10-20 um; 150 particles 5-10 um,N/A,N/A
10.1016/j.scitotenv.2021.150545,B_Ozonation_VINYON.10.1016/j.scitotenv.2021.150545,,Drinking water treatment plant,N/A,552.4 particles/L,VINYON,0.2 particles 100-500 um; 2.2 particles 20-100 um; 150 particles 10-20 um; 400 particles 5-10 um,N/A,N/A
10.1016/j.scitotenv.2021.150545,B_BAC_PA.10.1016/j.scitotenv.2021.150545,,Drinking water treatment plant,N/A,413.2 particles/L,PA,0.2 particles 100-500 um; 2.9 particles 20-100 um; 210 particles 10-20 um; 200 particles 5-10 um,N/A,N/A
10.1016/j.scitotenv.2021.150545,B_BAC_VINYL.10.1016/j.scitotenv.2021.150545,,Drinking water treatment plant,N/A,230 particles/L ,VINYL,80 particles 10-20 um; 150 particles 5-10 um,N/A,N/A
10.1016/j.scitotenv.2021.150545,B_BAC_VINYON.10.1016/j.scitotenv.2021.150545,,Drinking water treatment plant,N/A,232 particles/L,VINYON,1.9 particles 20-100 um; 0.1 particles 100-500 um; 80 particles 10-20 um; 150 particles 5-10 um,N/A,N/A
10.1016/j.scitotenv.2021.150545,B_Flocc_PA.10.1016/j.scitotenv.2021.150545,,Drinking water treatment plant,N/A,276.4 particles/L,PA,1.4 particles 20-100 um; 80 particles 10-20 um; 195 particles 5-10 um,N/A,N/A
10.1016/j.scitotenv.2021.150545,B_Flocc_VINYL.10.1016/j.scitotenv.2021.150545,,Drinking water treatment plant,N/A,140 particles/L,VINYL,40 particles 10-20 um; 100 particles 5-10 um,N/A,N/A
10.1016/j.scitotenv.2021.150545,B_Flocc_VINYON.10.1016/j.scitotenv.2021.150545,,Drinking water treatment plant,N/A,161.5 particles/L,VINYON,0.1 particles 1-5 mm; 0.1 particles 500 um-1 mm; 0.1 particles 100-500 um; 1.2 particles 20-100 um; 60 particles 10-20 um; 100 particles 5-10 um,N/A,N/A
10.1016/j.scitotenv.2021.150545,B_Sand_PA.10.1016/j.scitotenv.2021.150545,,Drinking water treatment plant,N/A,150.3 particles/L,PA,0.3 particles 20-100 um; 100 particles 10-20 um; 50 particles 5-10 um,N/A,N/A
10.1016/j.scitotenv.2021.150545,B_Sand_VINYL.10.1016/j.scitotenv.2021.150545,,Drinking water treatment plant,N/A,130.1 particles/L,VINYL,0.1 particles 20-100 um; 80 particles 5-10 um; 50 particles 10-20 um,N/A,N/A
10.1016/j.scitotenv.2021.150545,B_Sand_VINYON.10.1016/j.scitotenv.2021.150545,,Drinking water treatment plant,N/A,55 particles/L,VINYON,40 particles 5-10 um; 15 particles 10-20 um,N/A,N/A
10.1016/j.scitotenv.2021.150545,B_Treated_PA.10.1016/j.scitotenv.2021.150545,,Drinking water treatment plant,N/A,160 particles/L,PA,80 particles 10-20 um; 80 particles 5-10 um,N/A,N/A
10.1016/j.scitotenv.2021.150545,B_Treated_VINYL.10.1016/j.scitotenv.2021.150545,,Drinking water treatment plant,N/A,0.1 particles/L,VINYL,0.1 particles 20-100 um,N/A,N/A
10.1016/j.scitotenv.2021.150545,B_Treated_VINYON.10.1016/j.scitotenv.2021.150545,,Drinking water treatment plant,N/A,30 particles/L,VINYON,10 particles 5-10 um; 20 particles 10-20 um,N/A,N/A
10.1016/j.scitotenv.2021.150545,C_BioTreatment_PET.10.1016/j.scitotenv.2021.150545,,Drinking water treatment plant,N/A,0.15 particles/L,PET,0.15 particles 100-500 um,N/A,N/A
10.1016/j.scitotenv.2021.150545,C_BioTreatment_VINYL.10.1016/j.scitotenv.2021.150545,,Drinking water treatment plant,N/A,0.2 particles/L,VINYL,0.05 particles 500 um-1 mm; 0.15 particles 100-500 um,N/A,N/A
10.1016/j.scitotenv.2021.150545,C_BioTreatment_OTHERS.10.1016/j.scitotenv.2021.150545,,Drinking water treatment plant,N/A,0.25 particles/L,OTHERS,0.1 particles 1-5 mm; 0.15 particles 100-500 um,N/A,N/A
10.1016/j.scitotenv.2021.150545,C_Sedimentation_PET.10.1016/j.scitotenv.2021.150545,,Drinking water treatment plant,N/A,0.05 particles/L,PET,0.03 particles 500 um-1 mm; 0.02 particles 100-500 um,N/A,N/A
10.1016/j.scitotenv.2021.150545,C_Sedimentation_VINYL.10.1016/j.scitotenv.2021.150545,,Drinking water treatment plant,N/A,0.07 particles/L,VINYL,0.06 particles 500 um-1 mm; 0.01 particles 100-500 um,N/A,N/A
10.1016/j.scitotenv.2021.150545,C_Sedimentation_OTHERS.10.1016/j.scitotenv.2021.150545,,Drinking water treatment plant,N/A,0.26 particles/L,OTHERS,"0.11 particles 1-5mm, 0.14 particles 500 um-1 mm; 0.1 particles 100-500 um",N/A,N/A
10.1016/j.scitotenv.2021.150545,C_Ozonation_PET.10.1016/j.scitotenv.2021.150545,,Drinking water treatment plant,N/A,0.0 particles/L,PET,N/A,N/A,N/A
10.1016/j.scitotenv.2021.150545,C_Ozonation_VINYL.10.1016/j.scitotenv.2021.150545,,Drinking water treatment plant,N/A,0.14 particles/L,VINYL,0.07 particles 500 um-1 mm; 0.07 particles 100-500 um,N/A,N/A
10.1016/j.scitotenv.2021.150545,C_Ozonation_OTHERS.10.1016/j.scitotenv.2021.150545,,Drinking water treatment plant,N/A,0.19 particles/L,OTHERS,0.08 particles 1-5mm; 0.03 particles 500 um-1 mm; 0.08 particles 100-500 um,N/A,N/A
10.1016/j.scitotenv.2021.150545,C_BAC_PET.10.1016/j.scitotenv.2021.150545,,Drinking water treatment plant,N/A,0.0 particles/L,PET,N/A,N/A,N/A
10.1016/j.scitotenv.2021.150545,C_BAC_VINYL.10.1016/j.scitotenv.2021.150545,,Drinking water treatment plant,N/A,2.68 particles/L,VINYL,0.04 particles 1-5 mm; 0.04 particles 500 um-1 mm; 2.6 particles 100-500 um,N/A,N/A
10.1016/j.scitotenv.2021.150545,C_BAC_OTHERS.10.1016/j.scitotenv.2021.150545,,Drinking water treatment plant,N/A,0.13 particles/L,OTHERS,0.02 particles 1-5 mm; 0.09 particles 500 um-1 mm; 0.02 particles 100-500 um,N/A,N/A
10.1016/j.scitotenv.2021.150545,C_Flocc_PET.10.1016/j.scitotenv.2021.150545,,Drinking water treatment plant,N/A,0.0 particles/L,PET,N/A,N/A,N/A
10.1016/j.scitotenv.2021.150545,C_Flocc_VINYL.10.1016/j.scitotenv.2021.150545,,Drinking water treatment plant,N/A,0.1 particles/L,VINYL,0.06 particles 500 um-1 mm; 0.04 particles 100-500 um,N/A,N/A
10.1016/j.scitotenv.2021.150545,C_Flocc_OTHERS.10.1016/j.scitotenv.2021.150545,,Drinking water treatment plant,N/A,0.17 particles/L,OTHERS,0.07 particles 500 um-1 mm; 0.03 particles 500 um-1 mm; 0.07 particles 100-500 um,N/A,N/A
10.1016/j.scitotenv.2021.150545,C_Sand_PET.10.1016/j.scitotenv.2021.150545,,Drinking water treatment plant,N/A,0.0 particles/L,PET,N/A,N/A,N/A
10.1016/j.scitotenv.2021.150545,C_Sand_VINYL.10.1016/j.scitotenv.2021.150545,,Drinking water treatment plant,N/A,0.0 particles/L,VINYL,N/A,N/A,N/A
10.1016/j.scitotenv.2021.150545,C_Sand_OTHERS.10.1016/j.scitotenv.2021.150545,,Drinking water treatment plant,N/A,0.09 particles/L,OTHERS,0.07 particles 1-5 mm; 0.02 particles 500 um-1 mm,N/A,N/A
10.1016/j.scitotenv.2021.150545,C_Treated_PET.10.1016/j.scitotenv.2021.150545,,Drinking water treatment plant,N/A,0.0 particles/L,PET,N/A,N/A,N/A
10.1016/j.scitotenv.2021.150545,C_Treated_VINYL.10.1016/j.scitotenv.2021.150545,,Drinking water treatment plant,N/A,0.0 particles/L,VINYL,N/A,N/A,N/A
10.1016/j.scitotenv.2021.150545,C_Treated_OTHERS.10.1016/j.scitotenv.2021.150545,,Drinking water treatment plant,N/A,0.0 particles/L,OTHERS,N/A,N/A,N/A
