SampleID,SubsampleID,Morphology,Percentage
1.10.1039/c6ay01184e,N/A,Fibers,N/A
2.10.1039/c6ay01184e,N/A,Fibers,N/A
IB 101119.10.3389/fchem.2018.00407,N/A,Fragment,65%
IB 101119.10.3389/fchem.2018.00407,N/A,Fibers,13%
IB 101119.10.3389/fchem.2018.00407,N/A,Pellet,3%
IB 101119.10.3389/fchem.2018.00407,N/A,Film,14%
IB 101119.10.3389/fchem.2018.00407,N/A,Foam,5%
BB 311019 08: 11 PSRL6.10.3389/fchem.2018.00407,N/A,Fragment,65%
BB 311019 08: 11 PSRL6.10.3389/fchem.2018.00407,N/A,Fibers,13%
BB 311019 08: 11 PSRL6.10.3389/fchem.2018.00407,N/A,Pellet,3%
BB 311019 08: 11 PSRL6.10.3389/fchem.2018.00407,N/A,Film,14%
BB 311019 08: 11 PSRL6.10.3389/fchem.2018.00407,N/A,Foam,5%
BB 311019 09: 50 STB1.10.3389/fchem.2018.00407,N/A,Fragment,65%
BB 311019 09: 50 STB1.10.3389/fchem.2018.00407,N/A,Fibers,13%
BB 311019 09: 50 STB1.10.3389/fchem.2018.00407,N/A,Pellet,3%
BB 311019 09: 50 STB1.10.3389/fchem.2018.00407,N/A,Film,14%
BB 311019 09: 50 STB1.10.3389/fchem.2018.00407,N/A,Foam,5%
Oct0719.10.3389/fchem.2018.00407,N/A,Fragment,65%
Oct0719.10.3389/fchem.2018.00407,N/A,Fibers,13%
Oct0719.10.3389/fchem.2018.00407,N/A,Pellet,3%
Oct0719.10.3389/fchem.2018.00407,N/A,Film,14%
Oct0719.10.3389/fchem.2018.00407,N/A,Foam,5%
BN7141A04117.10.3389/fchem.2018.00407,N/A,Fragment,65%
BN7141A04117.10.3389/fchem.2018.00407,N/A,Fibers,13%
BN7141A04117.10.3389/fchem.2018.00407,N/A,Pellet,3%
BN7141A04117.10.3389/fchem.2018.00407,N/A,Film,14%
BN7141A04117.10.3389/fchem.2018.00407,N/A,Foam,5%
HE.B.No 229 (BM/AS).10.3389/fchem.2018.00407,N/A,Fragment,65%
HE.B.No 229 (BM/AS).10.3389/fchem.2018.00407,N/A,Fibers,13%
HE.B.No 229 (BM/AS).10.3389/fchem.2018.00407,N/A,Pellet,3%
HE.B.No 229 (BM/AS).10.3389/fchem.2018.00407,N/A,Film,14%
HE.B.No 229 (BM/AS).10.3389/fchem.2018.00407,N/A,Foam,5%
MU.N.No.298 (MA/AD).10.3389/fchem.2018.00407,N/A,Fragment,65%
MU.N.No.298 (MA/AD).10.3389/fchem.2018.00407,N/A,Fibers,13%
MU.N.No.298 (MA/AD).10.3389/fchem.2018.00407,N/A,Pellet,3%
MU.N.No.298 (MA/AD).10.3389/fchem.2018.00407,N/A,Film,14%
MU.N.No.298 (MA/AD).10.3389/fchem.2018.00407,N/A,Foam,5%
SO.B No.087 (AS/LB).10.3389/fchem.2018.00407,N/A,Fragment,65%
SO.B No.087 (AS/LB).10.3389/fchem.2018.00407,N/A,Fibers,13%
SO.B No.087 (AS/LB).10.3389/fchem.2018.00407,N/A,Pellet,3%
SO.B No.087 (AS/LB).10.3389/fchem.2018.00407,N/A,Film,14%
SO.B No.087 (AS/LB).10.3389/fchem.2018.00407,N/A,Foam,5%
Oct 0118NHBRB.10.3389/fchem.2018.00407,N/A,Fragment,65%
Oct 0118NHBRB.10.3389/fchem.2018.00407,N/A,Fibers,13%
Oct 0118NHBRB.10.3389/fchem.2018.00407,N/A,Pellet,3%
Oct 0118NHBRB.10.3389/fchem.2018.00407,N/A,Film,14%
Oct 0118NHBRB.10.3389/fchem.2018.00407,N/A,Foam,5%
P18NOV17CG3.10.3389/fchem.2018.00407,N/A,Fragment,65%
P18NOV17CG3.10.3389/fchem.2018.00407,N/A,Fibers,13%
P18NOV17CG3.10.3389/fchem.2018.00407,N/A,Pellet,3%
P18NOV17CG3.10.3389/fchem.2018.00407,N/A,Film,14%
P18NOV17CG3.10.3389/fchem.2018.00407,N/A,Foam,5%
17.11.18.10.3389/fchem.2018.00407,N/A,Fragment,65%
17.11.18.10.3389/fchem.2018.00407,N/A,Fibers,13%
17.11.18.10.3389/fchem.2018.00407,N/A,Pellet,3%
17.11.18.10.3389/fchem.2018.00407,N/A,Film,14%
17.11.18.10.3389/fchem.2018.00407,N/A,Foam,5%
14.10.18.10.3389/fchem.2018.00407,N/A,Fragment,65%
14.10.18.10.3389/fchem.2018.00407,N/A,Fibers,13%
14.10.18.10.3389/fchem.2018.00407,N/A,Pellet,3%
14.10.18.10.3389/fchem.2018.00407,N/A,Film,14%
14.10.18.10.3389/fchem.2018.00407,N/A,Foam,5%
09.08.18.10.3389/fchem.2018.00407,N/A,Fragment,65%
09.08.18.10.3389/fchem.2018.00407,N/A,Fibers,13%
09.08.18.10.3389/fchem.2018.00407,N/A,Pellet,3%
09.08.18.10.3389/fchem.2018.00407,N/A,Film,14%
09.08.18.10.3389/fchem.2018.00407,N/A,Foam,5%
PRD 03 21 2017 14:02.10.3389/fchem.2018.00407,N/A,Fragment,65%
PRD 03 21 2017 14:02.10.3389/fchem.2018.00407,N/A,Fibers,13%
PRD 03 21 2017 14:02.10.3389/fchem.2018.00407,N/A,Pellet,3%
"PRD 03 21 2017 14:02.10.3389/fchem.2018.00407	N/A",N/A,Film,14%
PRD 03 21 2017 14:02.10.3389/fchem.2018.00407,N/A,Foam,5%
PRD 05 24 17 11:29.10.3389/fchem.2018.00407,N/A,Fragment,65%
PRD 05 24 17 11:29.10.3389/fchem.2018.00407,N/A,Fibers,13%
PRD 05 24 17 11:29.10.3389/fchem.2018.00407,N/A,Pellet,3%
PRD 05 24 17 11:29.10.3389/fchem.2018.00407,N/A,Film,14%
PRD 05 24 17 11:29.10.3389/fchem.2018.00407,N/A,Foam,5%
07.142018 2.10.3389/fchem.2018.00407,N/A,Fragment,65%
07.142018 2.10.3389/fchem.2018.00407,N/A,Fibers,13%
07.142018 2.10.3389/fchem.2018.00407,N/A,Pellet,3%
07.142018 2.10.3389/fchem.2018.00407,N/A,Film,14%
07.142018 2.10.3389/fchem.2018.00407,N/A,Foam,5%
NV No. AC-51-07269.10.3389/fchem.2018.00407,N/A,Fragment,65%
NV No. AC-51-07269.10.3389/fchem.2018.00407,N/A,Fibers,13%
NV No. AC-51-07269.10.3389/fchem.2018.00407,N/A,Pellet,3%
NV No. AC-51-07269.10.3389/fchem.2018.00407,N/A,Film,14%
NV No. AC-51-07269.10.3389/fchem.2018.00407,N/A,Foam,5%
FAB: 211017 09:06SP.10.3389/fchem.2018.00407,N/A,Fragment,65%
FAB: 211017 09:06SP.10.3389/fchem.2018.00407,N/A,Fibers,13%
FAB: 211017 09:06SP.10.3389/fchem.2018.00407,N/A,Pellet,3%
FAB: 211017 09:06SP.10.3389/fchem.2018.00407,N/A,Film,14%
FAB: 211017 09:06SP.10.3389/fchem.2018.00407,N/A,Foam,5%
FAB: 160817 15:05SP.10.3389/fchem.2018.00407,N/A,Fragment,65%
FAB: 160817 15:05SP.10.3389/fchem.2018.00407,N/A,Fibers,13%
FAB: 160817 15:05SP.10.3389/fchem.2018.00407,N/A,Pellet,3%
FAB: 160817 15:05SP.10.3389/fchem.2018.00407,N/A,Film,14%
FAB: 160817 15:05SP.10.3389/fchem.2018.00407,N/A,Foam,5%
FAB: 091217 16:53SP.10.3389/fchem.2018.00407,N/A,Fragment,65%
FAB: 091217 16:53SP.10.3389/fchem.2018.00407,N/A,Fibers,13%
FAB: 091217 16:53SP.10.3389/fchem.2018.00407,N/A,Pellet,3%
FAB: 091217 16:53SP.10.3389/fchem.2018.00407,N/A,Film,14%
FAB: 091217 16:53SP.10.3389/fchem.2018.00407,N/A,Foam,5%
100517 278WF246.10.3389/fchem.2018.00407,N/A,Fragment,65%
100517 278WF246.10.3389/fchem.2018.00407,N/A,Fibers,13%
100517 278WF246.10.3389/fchem.2018.00407,N/A,Pellet,3%
100517 278WF246.10.3389/fchem.2018.00407,N/A,Film,14%
100517 278WF246.10.3389/fchem.2018.00407,N/A,Foam,5%
P: 4/11/17 03:34 AZ.10.3389/fchem.2018.00407,N/A,Fragment,65%
P: 4/11/17 03:34 AZ.10.3389/fchem.2018.00407,N/A,Fibers,13%
P: 4/11/17 03:34 AZ.10.3389/fchem.2018.00407,N/A,Pellet,3%
P: 4/11/17 03:34 AZ.10.3389/fchem.2018.00407,N/A,Film,14%
P: 4/11/17 03:34 AZ.10.3389/fchem.2018.00407,N/A,Foam,5%
730805210A 23:28.10.3389/fchem.2018.00407,N/A,Fragment,65%
730805210A 23:28.10.3389/fchem.2018.00407,N/A,Fibers,13%
730805210A 23:28.10.3389/fchem.2018.00407,N/A,Pellet,3%
730805210A 23:28.10.3389/fchem.2018.00407,N/A,Film,14%
730805210A 23:28.10.3389/fchem.2018.00407,N/A,Foam,5%
BBE 11.2018 10.10.3389/fchem.2018.00407,N/A,Fragment,65%
BBE 11.2018 10.10.3389/fchem.2018.00407,N/A,Fibers,13%
BBE 11.2018 10.10.3389/fchem.2018.00407,N/A,Pellet,3%
BBE 11.2018 10.10.3389/fchem.2018.00407,N/A,Film,14%
BBE 11.2018 10.10.3389/fchem.2018.00407,N/A,Foam,5%
20171102 1214JN.10.3389/fchem.2018.00407,N/A,Fragment,65%
20171102 1214JN.10.3389/fchem.2018.00407,N/A,Fibers,13%
20171102 1214JN.10.3389/fchem.2018.00407,N/A,Pellet,3%
20171102 1214JN.10.3389/fchem.2018.00407,N/A,Film,14%
20171102 1214JN.10.3389/fchem.2018.00407,N/A,Foam,5%
20171021 3214GH.10.3389/fchem.2018.00407,N/A,Fragment,65%
20171021 3214GH.10.3389/fchem.2018.00407,N/A,Fibers,13%
20171021 3214GH.10.3389/fchem.2018.00407,N/A,Pellet,3%
20171021 3214GH.10.3389/fchem.2018.00407,N/A,Film,14%
20171021 3214GH.10.3389/fchem.2018.00407,N/A,Foam,5%
20171103 2106WF.10.3389/fchem.2018.00407,N/A,Fragment,65%
20171103 2106WF.10.3389/fchem.2018.00407,N/A,Fibers,13%
20171103 2106WF.10.3389/fchem.2018.00407,N/A,Pellet,3%
20171103 2106WF.10.3389/fchem.2018.00407,N/A,Film,14%
20171103 2106WF.10.3389/fchem.2018.00407,N/A,Foam,5%
WTP1_Treated.10.1016/j.sciotenv.2018.08.178,N/A,fragments,N/A
WTP1_Treated.10.1016/j.sciotenv.2018.08.178,N/A,shperical,N/A
WTP1_Treated.10.1016/j.sciotenv.2018.08.178,N/A,fibers,N/A
WTP2_Treated.10.1016/j.sciotenv.2018.08.178,N/A,fragments,N/A
WTP2_Treated.10.1016/j.sciotenv.2018.08.178,N/A,shperical,N/A
WTP2_Treated.10.1016/j.sciotenv.2018.08.178,N/A,fibers,N/A
WTP3_Treated.10.1016/j.sciotenv.2018.08.178,N/A,fragments,N/A
WTP3_Treated.10.1016/j.sciotenv.2018.08.178,N/A,shperical,N/A
WTP3_Treated.10.1016/j.sciotenv.2018.08.178,N/A,fibers,N/A
1.http://dce2.au.dk/pub/SR291.pdf ,1a.http://dce2.au.dk/pub/SR291.pdf ,fibers,86%
1.http://dce2.au.dk/pub/SR291.pdf ,1a.http://dce2.au.dk/pub/SR291.pdf ,fragments,10%
1.http://dce2.au.dk/pub/SR291.pdf ,1a.http://dce2.au.dk/pub/SR291.pdf ,films,3%
1.http://dce2.au.dk/pub/SR291.pdf ,1b.http://dce2.au.dk/pub/SR291.pdf ,fibers,72%
1.http://dce2.au.dk/pub/SR291.pdf ,1b.http://dce2.au.dk/pub/SR291.pdf ,fragments,28%
2.http://dce2.au.dk/pub/SR291.pdf ,N/A,fibers,78%
2.http://dce2.au.dk/pub/SR291.pdf ,N/A,fragments,6%
2.http://dce2.au.dk/pub/SR291.pdf ,N/A,films,6%
3.http://dce2.au.dk/pub/SR291.pdf ,N/A,fibers,100%
4.http://dce2.au.dk/pub/SR291.pdf ,N/A,fibers,62%
4.http://dce2.au.dk/pub/SR291.pdf ,N/A,fragments,7%
4.http://dce2.au.dk/pub/SR291.pdf ,N/A,films,31%
5.http://dce2.au.dk/pub/SR291.pdf ,N/A,fibers,86%
5.http://dce2.au.dk/pub/SR291.pdf ,N/A,fragments,14%
6.http://dce2.au.dk/pub/SR291.pdf ,N/A,fibers,90%
6.http://dce2.au.dk/pub/SR291.pdf ,N/A,fragments,10%
7.http://dce2.au.dk/pub/SR291.pdf ,N/A,fibers,100%
8.http://dce2.au.dk/pub/SR291.pdf ,N/A,fibers,67%
8.http://dce2.au.dk/pub/SR291.pdf ,N/A,fragments,23%
8.http://dce2.au.dk/pub/SR291.pdf ,N/A,films,10%
9.http://dce2.au.dk/pub/SR291.pdf ,N/A,fibers,84%
9.http://dce2.au.dk/pub/SR291.pdf ,N/A,fragments,8%
9.http://dce2.au.dk/pub/SR291.pdf ,N/A,films,8%
10.http://dce2.au.dk/pub/SR291.pdf ,N/A,fibers,100%
11.http://dce2.au.dk/pub/SR291.pdf ,N/A,fibers,100%
12.http://dce2.au.dk/pub/SR291.pdf ,N/A,fibers,74%
12.http://dce2.au.dk/pub/SR291.pdf ,N/A,fragments,26%
13.http://dce2.au.dk/pub/SR291.pdf ,N/A,fibers,100%
14.http://dce2.au.dk/pub/SR291.pdf ,N/A,fibers,100%
15.http://dce2.au.dk/pub/SR291.pdf ,N/A,fibers,74%
15.http://dce2.au.dk/pub/SR291.pdf ,N/A,fragments,26%
16.http://dce2.au.dk/pub/SR291.pdf ,N/A,fibers,70%
16.http://dce2.au.dk/pub/SR291.pdf ,N/A,fragments,30%
17.http://dce2.au.dk/pub/SR291.pdf ,N/A,fibers,92%
17.http://dce2.au.dk/pub/SR291.pdf ,N/A,fragments,8%
V.10.1016/j.watres.2020.11.6519,N/A,fibers,19%
V.10.1016/j.watres.2020.11.6519,N/A,fragments,81%
BJP.10.1016/j.watres.2020.11.6519,N/A,fibers,19%
BJP.10.1016/j.watres.2020.11.6519,N/A,fragments,81%
BJH.10.1016/j.watres.2020.11.6519,N/A,fibers,19%
BJH.10.1016/j.watres.2020.11.6519,N/A,fragments,81%
BOP.10.1016/j.watres.2020.11.6519,N/A,fibers,19%
BOP.10.1016/j.watres.2020.11.6519,N/A,fragments,81%
BOH.10.1016/j.watres.2020.11.6519,N/A,fibers,19%
BOH.10.1016/j.watres.2020.11.6519,N/A,fragments,81%
C.10.18520/cs/v117/i11/1874-1879,N/A,fibers,N/A
C.10.18520/cs/v117/i11/1874-1879,N/A,fragments,N/A
B1.10.18520/cs/v117/i11/1874-1879,N/A,fibers,N/A
B1.10.18520/cs/v117/i11/1874-1879,N/A,fragments,N/A
B2.10.18520/cs/v117/i11/1874-1879,N/A,fibers,N/A
B2.10.18520/cs/v117/i11/1874-1879,N/A,fragments,N/A
B3.10.18520/cs/v117/i11/1874-1879,N/A,fibers,N/A
B3.10.18520/cs/v117/i11/1874-1879,N/A,fragments,N/A
B4.10.18520/cs/v117/i11/1874-1879,N/A,fibers,N/A
B4.10.18520/cs/v117/i11/1874-1879,N/A,fragments,N/A
B5.10.18520/cs/v117/i11/1874-1879,N/A,fibers,N/A
B5.10.18520/cs/v117/i11/1874-1879,N/A,fragments,N/A
Mintenig_10.1371/journal.pone.0236838,N/A,fragments,N/A
Shruti_10.1371/journal.pone.0236838,N/A,fibres,N/A
Shruti_10.1371/journal.pone.0236838,N/A,fragments,N/A
Strand_10.1371/journal.pone.0236838,N/A,fragments,N/A
Zhang_10.1371/journal.pone.0236838,N/A,fibres,N/A
Zhang_10.1371/journal.pone.0236838,N/A,fragments,N/A
Mason_10.1371/journal.pone.0236838,Mason.1_10.1371/journal.pone.0236838,fragments,N/A
Mason_10.1371/journal.pone.0236838,Mason.1_10.1371/journal.pone.0236838,fibres,N/A
Mason_10.1371/journal.pone.0236838,Mason.1_10.1371/journal.pone.0236838,films,N/A
Mason_10.1371/journal.pone.0236838,Mason.2_10.1371/journal.pone.0236838,fragments,N/A
Mason_10.1371/journal.pone.0236838,Mason.2_10.1371/journal.pone.0236838,fibres,N/A
Mason_10.1371/journal.pone.0236838,Mason.2_10.1371/journal.pone.0236838,films,N/A
Weisheu_10.1371/journal.pone.0236838,N/A,fibres,N/A
AverageAll_10.1016/j.watres.2019.02.054,N/A,fragments,N/A
AverageAll_10.1016/j.watres.2019.02.054,N/A,fibres,N/A
AverageAll_10.1016/j.watres.2019.02.054,N/A,film,N/A
AverageAll_10.1016/j.watres.2019.02.054,N/A,foam,N/A
AverageAll_10.1016/j.watres.2019.02.054,N/A,pellet,N/A
AverageAll_10.1016/j.watres.2019.02.054,N/A,sphere,N/A
AverageAll_10.1016/j.watres.2019.02.054,N/A,line,N/A
AverageAll_10.1016/j.watres.2019.02.054,N/A,bead,N/A
AverageAll_10.1016/j.watres.2019.02.054,N/A,flake,N/A
AverageAll_10.1016/j.watres.2019.02.054,N/A,sheet,N/A
AverageAll_10.1016/j.watres.2019.02.054,N/A,granule,N/A
AverageAll_10.1016/j.watres.2019.02.054,N/A,paint,N/A
AverageAll_10.1016/j.watres.2019.02.054,N/A,foil,N/A
AverageAll_10.1016/j.watres.2019.02.054,N/A,nurdle,N/A
RawDrinkingWater_10.1016/j.impact.2021.100302,RawDrinkingWater.1_10.1016/j.impact.2021.100302,fragments,N/A
RawDrinkingWater_10.1016/j.impact.2021.100302,RawDrinkingWater.1_10.1016/j.impact.2021.100302,spherical,N/A
RawDrinkingWater_10.1016/j.impact.2021.100302,RawDrinkingWater.1_10.1016/j.impact.2021.100302,fibres,N/A
RawDrinkingWater_10.1016/j.impact.2021.100302,RawDrinkingWater.2_10.1016/j.impact.2021.100302,fragments,N/A
RawDrinkingWater_10.1016/j.impact.2021.100302,RawDrinkingWater.2_10.1016/j.impact.2021.100302,spherical,N/A
RawDrinkingWater_10.1016/j.impact.2021.100302,RawDrinkingWater.2_10.1016/j.impact.2021.100302,fibres,N/A
RawDrinkingWater_10.1016/j.impact.2021.100302,RawDrinkingWater.3_10.1016/j.impact.2021.100302,fragments,N/A
RawDrinkingWater_10.1016/j.impact.2021.100302,RawDrinkingWater.3_10.1016/j.impact.2021.100302,spherical,N/A
RawDrinkingWater_10.1016/j.impact.2021.100302,RawDrinkingWater.3_10.1016/j.impact.2021.100302,fibres,N/A
TapWater_10.1016/j.impact.2021.100302,N/A,sphere,N/A
TapWater_10.1016/j.impact.2021.100302,N/A,fibers,N/A
TapWater_10.1016/j.impact.2021.100302,N/A,fragment,N/A
RawWater_10.1016/j.impact.2021.100302,N/A,sphere,N/A
RawWater_10.1016/j.impact.2021.100302,N/A,fibers,N/A
RawWater_10.1016/j.impact.2021.100302,N/A,fragment,N/A
TreatedDrinkingWater2_10.1016/j.impact.2021.100302,N/A,sphere,N/A
TreatedDrinkingWater2_10.1016/j.impact.2021.100302,N/A,fibers,N/A
TreatedDrinkingWater2_10.1016/j.impact.2021.100302,N/A,fragment,N/A
MineralWaterPET_10.1016/j.impact.2021.100302,N/A,sphere,N/A
Sarkar_10.1007/s11783-021-1492-5,N/A,fibers,N/A
Sarkar_10.1007/s11783-021-1492-5,N/A,films/fragments,N/A
Dalmau-Soler_10.1007/s11783-021-1492-5,N/A,fragments,N/A
Dalmau-Soler_10.1007/s11783-021-1492-5,N/A,fibers,N/A
drinking_water.10.3390/w12113115,N/A,fibers,80.2%
drinking_water.10.3390/w12113115,N/A,pellets,19.1%
drinking_water.10.3390/w12113115,N/A,films,0.7%
Kankanige1.10.1016/j.cotox.2021.09.003,N/A,fibres,N/A
Kankanige1.10.1016/j.cotox.2021.09.003,N/A,fragments,N/A
Kankanige2.10.1016/j.cotox.2021.09.003,N/A,fibres,N/A
Kankanige2.10.1016/j.cotox.2021.09.003,N/A,fragments,N/A
Pivokonsky1.10.1016/j.cotox.2021.09.003,N/A,fibers,N/A
Pivokonsky1.10.1016/j.cotox.2021.09.003,N/A,fragments,N/A
Pivokonsky1.10.1016/j.cotox.2021.09.003,N/A,spheres,N/A
Pivokonsky2.10.1016/j.cotox.2021.09.003,N/A,fibers,N/A
Pivokonsky2.10.1016/j.cotox.2021.09.003,N/A,fragments,N/A
Pivokonsky2.10.1016/j.cotox.2021.09.003,N/A,spheres,N/A
Kankanige3.10.1016/j.cotox.2021.09.003,Kankanige3.1.10.1016/j.cotox.2021.09.003,fibers,N/A
Kankanige3.10.1016/j.cotox.2021.09.003,Kankanige3.1.10.1016/j.cotox.2021.09.003,fragments,N/A
Kankanige3.10.1016/j.cotox.2021.09.003,Kankanige3.2.10.1016/j.cotox.2021.09.003,fibers,N/A
Kankanige3.10.1016/j.cotox.2021.09.003,Kankanige3.2.10.1016/j.cotox.2021.09.003,fragments,N/A
Pivokonsky3.10.1016/j.cotox.2021.09.003,Kankanige3.3.10.1016/j.cotox.2021.09.003,fibers,N/A
Kankanige3.10.1016/j.cotox.2021.09.004,Kankanige3.3.10.1016/j.cotox.2021.09.003,fragments,N/A
Pivokonsky3.10.1016/j.cotox.2021.09.004,Kankanige3.4.10.1016/j.cotox.2021.09.003,fibers,N/A
Kankanige3.10.1016/j.cotox.2021.09.005,Kankanige3.4.10.1016/j.cotox.2021.09.003,fragments,N/A
10.1016/j.chemosphere.2020.126493,1.10.1016/j.chemosphere.2020.126493,fragment,N/A
10.1016/j.chemosphere.2020.126493,2.10.1016/j.chemosphere.2020.126493,fragment,N/A
10.1016/j.chemosphere.2020.126493,2.10.1016/j.chemosphere.2020.126493,fiber,N/A
10.1016/j.chemosphere.2020.126493,2.10.1016/j.chemosphere.2020.126493,sphere,N/A
10.1016/j.chemosphere.2020.126493,3.10.1016/j.chemosphere.2020.126493,fragment,N/A
10.1016/j.chemosphere.2020.126493,3.10.1016/j.chemosphere.2020.126493,fiber,N/A
10.1016/j.chemosphere.2020.126493,3.10.1016/j.chemosphere.2020.126493,sphere,N/A
10.1016/j.chemosphere.2020.126493,4.10.1016/j.chemosphere.2020.126493,fragment,N/A
10.1016/j.chemosphere.2020.126493,4.10.1016/j.chemosphere.2020.126493,fiber,N/A
10.1016/j.chemosphere.2020.126493,5.10.1016/j.chemosphere.2020.126493,fragment,N/A
10.1016/j.chemosphere.2020.126493,5.10.1016/j.chemosphere.2020.126493,fiber,N/A
10.1016/j.chemosphere.2020.126493,6.10.1016/j.chemosphere.2020.126493,fragment,N/A
10.1016/j.chemosphere.2020.126493,6.10.1016/j.chemosphere.2020.126493,fiber,N/A
10.1016/j.chemosphere.2020.126493,7.10.1016/j.chemosphere.2020.126493,fragment,N/A
10.1016/j.chemosphere.2020.126493,7.10.1016/j.chemosphere.2020.126493,fiber,N/A
10.1016/j.chemosphere.2020.126493,8.10.1016/j.chemosphere.2020.126493,fragment,N/A
10.1016/j.chemosphere.2020.126493,8.10.1016/j.chemosphere.2020.126493,fiber,N/A
10.1016/j.chemosphere.2020.126493,9.10.1016/j.chemosphere.2020.126493,fragment,N/A
10.1016/j.chemosphere.2020.126493,9.10.1016/j.chemosphere.2020.126493,fiber,N/A
10.1016/j.chemosphere.2020.126493,10.10.1016/j.chemosphere.2020.126493,fragment,N/A
10.1016/j.chemosphere.2020.126493,10.10.1016/j.chemosphere.2020.126493,fiber,N/A
10.1016/j.chemosphere.2020.126493,11.10.1016/j.chemosphere.2020.126493,fragment,N/A
10.1016/j.chemosphere.2020.126493,11.10.1016/j.chemosphere.2020.126493,fiber,N/A
10.1016/j.chemosphere.2020.126493,12.10.1016/j.chemosphere.2020.126493,fiber,N/A
10.1016/j.chemosphere.2020.126493,13.10.1016/j.chemosphere.2020.126493,fragment,N/A
10.1016/j.chemosphere.2020.126493,13.10.1016/j.chemosphere.2020.126493,fiber,N/A
10.1016/j.chemosphere.2020.126493,15.10.1016/j.chemosphere.2020.126493,fragment,N/A
10.1016/j.chemosphere.2020.126493,16.10.1016/j.chemosphere.2020.126493,fragment,N/A
10.1016/j.chemosphere.2020.126493,16.10.1016/j.chemosphere.2020.126493,fiber,N/A
10.1016/j.chemosphere.2020.126493,17.10.1016/j.chemosphere.2020.126493,fragment,N/A
10.1016/j.chemosphere.2020.126493,17.10.1016/j.chemosphere.2020.126493,fiber,N/A
10.1016/j.chemosphere.2020.126493,18.10.1016/j.chemosphere.2020.126493,fragment,N/A
10.1016/j.chemosphere.2020.126493,18.10.1016/j.chemosphere.2020.126493,fiber,N/A
10.1016/j.chemosphere.2020.126493,19.10.1016/j.chemosphere.2020.126493,fragment,N/A
10.1016/j.chemosphere.2020.126493,20.10.1016/j.chemosphere.2020.126493,fragment,N/A
10.1016/j.chemosphere.2020.126493,20.10.1016/j.chemosphere.2020.126493,fiber,N/A
10.1016/j.chemosphere.2020.126493,21.10.1016/j.chemosphere.2020.126493,fragment,N/A
10.1016/j.chemosphere.2020.126493,21.10.1016/j.chemosphere.2020.126493,fiber,N/A
10.1016/j.chemosphere.2020.126493,22.10.1016/j.chemosphere.2020.126493,fragment,N/A
10.1016/j.chemosphere.2020.126493,22.10.1016/j.chemosphere.2020.126493,fiber,N/A
10.1016/j.chemosphere.2020.126493,23.10.1016/j.chemosphere.2020.126493,fragment,N/A
10.1016/j.chemosphere.2020.126493,23.10.1016/j.chemosphere.2020.126493,fiber,N/A
10.1016/j.chemosphere.2020.126493,23.10.1016/j.chemosphere.2020.126493,sphere,N/A
10.1016/j.chemosphere.2020.126493,24.10.1016/j.chemosphere.2020.126493,fragment,N/A
10.1016/j.chemosphere.2020.126493,24.10.1016/j.chemosphere.2020.126493,fiber,N/A
10.1016/j.chemosphere.2020.126493,24.10.1016/j.chemosphere.2020.126493,sphere,N/A
10.1016/j.chemosphere.2020.126493,25.10.1016/j.chemosphere.2020.126493,fragment,N/A
10.1016/j.chemosphere.2020.126493,25.10.1016/j.chemosphere.2020.126493,fiber,N/A
10.1016/j.chemosphere.2020.126493,26.10.1016/j.chemosphere.2020.126493,fragment,N/A
10.1016/j.chemosphere.2020.126493,26.10.1016/j.chemosphere.2020.126493,fiber,N/A
10.1016/j.chemosphere.2020.126493,26.10.1016/j.chemosphere.2020.126493,sphere,N/A
10.1016/j.chemosphere.2020.126493,27.10.1016/j.chemosphere.2020.126493,fragment,N/A
10.1016/j.chemosphere.2020.126493,27.10.1016/j.chemosphere.2020.126493,fiber,N/A
10.1016/j.chemosphere.2020.126493,27.10.1016/j.chemosphere.2020.126493,sphere,N/A
10.1016/j.chemosphere.2020.126493,28.10.1016/j.chemosphere.2020.126493,fragment,N/A
10.1016/j.chemosphere.2020.126493,28.10.1016/j.chemosphere.2020.126493,fiber,N/A
10.1016/j.chemosphere.2020.126493,28.10.1016/j.chemosphere.2020.126493,sphere,N/A
10.1016/j.chemosphere.2020.126493,29.10.1016/j.chemosphere.2020.126493,fragment,N/A
10.1016/j.chemosphere.2020.126493,29.10.1016/j.chemosphere.2020.126493,fiber,N/A
10.1016/j.chemosphere.2020.126493,29.10.1016/j.chemosphere.2020.126493,sphere,N/A
10.1016/j.chemosphere.2020.126493,30.10.1016/j.chemosphere.2020.126493,fragment,N/A
10.1016/j.chemosphere.2020.126493,30.10.1016/j.chemosphere.2020.126493,fiber,N/A
10.1016/j.chemosphere.2020.126493,31.10.1016/j.chemosphere.2020.126493,fragment,N/A
10.1016/j.chemosphere.2020.126493,31.10.1016/j.chemosphere.2020.126493,fiber,N/A
10.1016/j.chemosphere.2020.126493,32.10.1016/j.chemosphere.2020.126493,fragment,N/A
10.1016/j.chemosphere.2020.126493,32.10.1016/j.chemosphere.2020.126493,fiber,N/A
10.1016/j.chemosphere.2020.126493,32.10.1016/j.chemosphere.2020.126493,sphere,N/A
10.1016/j.chemosphere.2020.126493,33.10.1016/j.chemosphere.2020.126493,fragment,N/A
10.1016/j.chemosphere.2020.126493,33.10.1016/j.chemosphere.2020.126493,fiber,N/A
10.1016/j.chemosphere.2020.126493,33.10.1016/j.chemosphere.2020.126493,sphere,N/A
10.1016/j.chemosphere.2020.126493,34.10.1016/j.chemosphere.2020.126493,fragment,N/A
10.1016/j.chemosphere.2020.126493,34.10.1016/j.chemosphere.2020.126493,fiber,N/A
10.1016/j.chemosphere.2020.126493,34.10.1016/j.chemosphere.2020.126493,sphere,N/A
10.1016/j.chemosphere.2020.126493,35.10.1016/j.chemosphere.2020.126493,fragment,N/A
10.1016/j.chemosphere.2020.126493,35.10.1016/j.chemosphere.2020.126493,fiber,N/A
10.1016/j.chemosphere.2020.126493,35.10.1016/j.chemosphere.2020.126493,sphere,N/A
10.1016/j.chemosphere.2020.126493,36.10.1016/j.chemosphere.2020.126493,fragment,N/A
10.1016/j.chemosphere.2020.126493,36.10.1016/j.chemosphere.2020.126493,sphere,N/A
10.1016/j.chemosphere.2020.126493,37.10.1016/j.chemosphere.2020.126493,fragment,N/A
10.1016/j.chemosphere.2020.126493,37.10.1016/j.chemosphere.2020.126493,fiber,N/A
10.1016/j.chemosphere.2020.126493,37.10.1016/j.chemosphere.2020.126493,sphere,N/A
10.1016/j.chemosphere.2020.126493,38.10.1016/j.chemosphere.2020.126493,fragment,N/A
10.1016/j.chemosphere.2020.126493,38.10.1016/j.chemosphere.2020.126493,fiber,N/A
Finished.10.1016/j.scitotenv.2019.134520,N/A,fibers,620 particles
Finished.10.1016/j.scitotenv.2019.134520,N/A,spheres,82 particles
Finished.10.1016/j.scitotenv.2019.134520,N/A,fragments,228 particles
April_DWTP.10.1007/s11356-021-13769-x,N/A,spheres,N/A
April_DWTP.10.1007/s11356-021-13769-x,N/A,fibers,N/A
April_DWTP.10.1007/s11356-021-13769-x,N/A,fragments,N/A
April_Tap.10.1007/s11356-021-13769-x,N/A,spheres,N/A
April_Tap.10.1007/s11356-021-13769-x,N/A,fibers,N/A
April_Tap.10.1007/s11356-021-13769-x,N/A,fragments,N/A
May_DWTP.10.1007/s11356-021-13769-x,N/A,spheres,N/A
May_DWTP.10.1007/s11356-021-13769-x,N/A,fibers,N/A
May_DWTP.10.1007/s11356-021-13769-x,N/A,fragments,N/A
May_Tap.10.1007/s11356-021-13769-x,N/A,fibers,N/A
May_Tap.10.1007/s11356-021-13769-x,N/A,fragments,N/A
June_DWTP.10.1007/s11356-021-13769-x,N/A,fibers,N/A
June_DWTP.10.1007/s11356-021-13769-x,N/A,fragments,N/A
June_Tap.10.1007/s11356-021-13769-x,N/A,fibers,N/A
June_Tap.10.1007/s11356-021-13769-x,N/A,fragments,N/A
July_DWTP.10.1007/s11356-021-13769-x,N/A,fibers,N/A
July_DWTP.10.1007/s11356-021-13769-x,N/A,fragments,N/A
July_Tap.10.1007/s11356-021-13769-x,N/A,spheres,N/A
July_Tap.10.1007/s11356-021-13769-x,N/A,fibers,N/A
July_Tap.10.1007/s11356-021-13769-x,N/A,fragments,N/A
TCQS.10.1016/j.scitotenv.2021.148001,N/A,fibers,90.71%
TCQS.10.1016/j.scitotenv.2021.148001,N/A,fragments,7.72%
TCQS.10.1016/j.scitotenv.2021.148001,N/A,sheets,1.13%
TCQS.10.1016/j.scitotenv.2021.148001,N/A,pellets,0.36%
TCQS.10.1016/j.scitotenv.2021.148001,N/A,foams,0.08%
SHN.10.1016/j.scitotenv.2021.148001,N/A,fibers,90.71%
SHN.10.1016/j.scitotenv.2021.148001,N/A,fragments,7.72%
SHN.10.1016/j.scitotenv.2021.148001,N/A,sheets,1.13%
SHN.10.1016/j.scitotenv.2021.148001,N/A,pellets,0.36%
SHN.10.1016/j.scitotenv.2021.148001,N/A,foams,0.08%
CHQ.10.1016/j.scitotenv.2021.148001,N/A,fibers,90.71%
CHQ.10.1016/j.scitotenv.2021.148001,N/A,fragments,7.72%
CHQ.10.1016/j.scitotenv.2021.148001,N/A,sheets,1.13%
CHQ.10.1016/j.scitotenv.2021.148001,N/A,pellets,0.36%
CHQ.10.1016/j.scitotenv.2021.148001,N/A,foams,0.08%
CHH.10.1016/j.scitotenv.2021.148001,N/A,fibers,90.71%
CHH.10.1016/j.scitotenv.2021.148001,N/A,fragments,7.72%
CHH.10.1016/j.scitotenv.2021.148001,N/A,sheets,1.13%
CHH.10.1016/j.scitotenv.2021.148001,N/A,pellets,0.36%
CHH.10.1016/j.scitotenv.2021.148001,N/A,foams,0.08%
ZHB.10.1016/j.scitotenv.2021.148001,N/A,fibers,90.71%
ZHB.10.1016/j.scitotenv.2021.148001,N/A,fragments,7.72%
ZHB.10.1016/j.scitotenv.2021.148001,N/A,sheets,1.13%
ZHB.10.1016/j.scitotenv.2021.148001,N/A,pellets,0.36%
ZHB.10.1016/j.scitotenv.2021.148001,N/A,foams,0.08%
DAS.10.1016/j.scitotenv.2021.148001,N/A,fibers,90.71%
DAS.10.1016/j.scitotenv.2021.148001,N/A,fragments,7.72%
DAS.10.1016/j.scitotenv.2021.148001,N/A,sheets,1.13%
DAS.10.1016/j.scitotenv.2021.148001,N/A,pellets,0.36%
DAS.10.1016/j.scitotenv.2021.148001,N/A,foams,0.08%
XHS.10.1016/j.scitotenv.2021.148001,N/A,fibers,90.71%
XHS.10.1016/j.scitotenv.2021.148001,N/A,fragments,7.72%
XHS.10.1016/j.scitotenv.2021.148001,N/A,sheets,1.13%
XHS.10.1016/j.scitotenv.2021.148001,N/A,pellets,0.36%
XHS.10.1016/j.scitotenv.2021.148001,N/A,foams,0.08%
HNZ.10.1016/j.scitotenv.2021.148001,N/A,fibers,90.71%
HNZ.10.1016/j.scitotenv.2021.148001,N/A,fragments,7.72%
HNZ.10.1016/j.scitotenv.2021.148001,N/A,sheets,1.13%
HNZ.10.1016/j.scitotenv.2021.148001,N/A,pellets,0.36%
HNZ.10.1016/j.scitotenv.2021.148001,N/A,foams,0.08%
TCH.10.1016/j.scitotenv.2021.148001,N/A,fibers,90.71%
TCH.10.1016/j.scitotenv.2021.148001,N/A,fragments,7.72%
TCH.10.1016/j.scitotenv.2021.148001,N/A,sheets,1.13%
TCH.10.1016/j.scitotenv.2021.148001,N/A,pellets,0.36%
TCH.10.1016/j.scitotenv.2021.148001,N/A,foams,0.08%
WHH.10.1016/j.scitotenv.2021.148001,N/A,fibers,90.71%
WHH.10.1016/j.scitotenv.2021.148001,N/A,fragments,7.72%
WHH.10.1016/j.scitotenv.2021.148001,N/A,sheets,1.13%
WHH.10.1016/j.scitotenv.2021.148001,N/A,pellets,0.36%
WHH.10.1016/j.scitotenv.2021.148001,N/A,foams,0.08%
Spr.10.1016/j.scitotenv.2021.148001,N/A,fibers,90.71%
Spr.10.1016/j.scitotenv.2021.148001,N/A,fragments,7.72%
Spr.10.1016/j.scitotenv.2021.148001,N/A,sheets,1.13%
Spr.10.1016/j.scitotenv.2021.148001,N/A,pellets,0.36%
Spr.10.1016/j.scitotenv.2021.148001,N/A,foams,0.08%
Sum.10.1016/j.scitotenv.2021.148001,N/A,fibers,90.71%
Sum.10.1016/j.scitotenv.2021.148001,N/A,fragments,7.72%
Sum.10.1016/j.scitotenv.2021.148001,N/A,sheets,1.13%
Sum.10.1016/j.scitotenv.2021.148001,N/A,pellets,0.36%
Sum.10.1016/j.scitotenv.2021.148001,N/A,foams,0.08%
Aut.10.1016/j.scitotenv.2021.148001,N/A,fibers,90.71%
Aut.10.1016/j.scitotenv.2021.148001,N/A,fragments,7.72%
Aut.10.1016/j.scitotenv.2021.148001,N/A,sheets,1.13%
Aut.10.1016/j.scitotenv.2021.148001,N/A,pellets,0.36%
Aut.10.1016/j.scitotenv.2021.148001,N/A,foams,0.08%
Win.10.1016/j.scitotenv.2021.148001,N/A,fibers,90.71%
Win.10.1016/j.scitotenv.2021.148001,N/A,fragments,7.72%
Win.10.1016/j.scitotenv.2021.148001,N/A,sheets,1.13%
Win.10.1016/j.scitotenv.2021.148001,N/A,pellets,0.36%
Win.10.1016/j.scitotenv.2021.148001,N/A,foams,0.08%