SampleID,SubsampleID,Polymer,Percentage
1.10.1016/j.watres.2017.11.011,N/A,PEST,59%
1.10.1016/j.watres.2017.11.011,N/A,PE,9%
1.10.1016/j.watres.2017.11.011,N/A,PP,1%
1.10.1016/j.watres.2017.11.011,N/A,PA,1%
2.10.1016/j.watres.2017.11.011,N/A,PEST,84%
2.10.1016/j.watres.2017.11.011,N/A,PE,5%
2.10.1016/j.watres.2017.11.011,N/A,PP,7%
2.10.1016/j.watres.2017.11.011,N/A,PA,2%
3.10.1016/j.watres.2017.11.011,N/A,PEST,41%
3.10.1016/j.watres.2017.11.011,N/A,PE,35%
3.10.1016/j.watres.2017.11.011,N/A,PP,8%
4.10.1016/j.watres.2017.11.011,N/A,PE,38%
4.10.1016/j.watres.2017.11.011,N/A,PEST,32%
4.10.1016/j.watres.2017.11.011,N/A,PP,26%
1.10.1039/c6ay01184e,N/A,PS,N/A
1.10.1039/c6ay01184e,N/A,PE+PS,N/A
1.10.1039/c6ay01184e,N/A,PE,N/A
1.10.1039/c6ay01184e,N/A,Cellulose,N/A
2.10.1039/c6ay01184e,N/A,PET,N/A
IB 101119.10.3389/fchem.2018.00407,N/A,PP,54%
IB 101119.10.3389/fchem.2018.00407,N/A,Nylon,16%
IB 101119.10.3389/fchem.2018.00407,N/A,PS,11%
IB 101119.10.3389/fchem.2018.00407,N/A,PE,10%
IB 101119.10.3389/fchem.2018.00407,N/A,PEST,6%
BB 311019 08: 11 PSRL6.10.3389/fchem.2018.00407,N/A,PP,54%
BB 311019 08: 11 PSRL6.10.3389/fchem.2018.00407,N/A,Nylon,16%
BB 311019 08: 11 PSRL6.10.3389/fchem.2018.00407,N/A,PS,11%
BB 311019 08: 11 PSRL6.10.3389/fchem.2018.00407,N/A,PE,10%
BB 311019 08: 11 PSRL6.10.3389/fchem.2018.00407,N/A,PEST,6%
BB 311019 09: 50 STB1.10.3389/fchem.2018.00407,N/A,PP,54%
BB 311019 09: 50 STB1.10.3389/fchem.2018.00407,N/A,Nylon,16%
BB 311019 09: 50 STB1.10.3389/fchem.2018.00407,N/A,PS,11%
BB 311019 09: 50 STB1.10.3389/fchem.2018.00407,N/A,PE,10%
BB 311019 09: 50 STB1.10.3389/fchem.2018.00407,N/A,PEST,6%
Oct0719.10.3389/fchem.2018.00407,N/A,PP,54%
Oct0719.10.3389/fchem.2018.00407,N/A,Nylon,16%
Oct0719.10.3389/fchem.2018.00407,N/A,PS,11%
Oct0719.10.3389/fchem.2018.00407,N/A,PE,10%
Oct0719.10.3389/fchem.2018.00407,N/A,PEST,6%
BN7141A04117.10.3389/fchem.2018.00407,N/A,PP,54%
BN7141A04117.10.3389/fchem.2018.00407,N/A,Nylon,16%
BN7141A04117.10.3389/fchem.2018.00407,N/A,PS,11%
BN7141A04117.10.3389/fchem.2018.00407,N/A,PE,10%
BN7141A04117.10.3389/fchem.2018.00407,N/A,PEST,6%
HE.B.No 229 (BM/AS).10.3389/fchem.2018.00407,N/A,PP,54%
HE.B.No 229 (BM/AS).10.3389/fchem.2018.00407,N/A,Nylon,16%
HE.B.No 229 (BM/AS).10.3389/fchem.2018.00407,N/A,PS,11%
HE.B.No 229 (BM/AS).10.3389/fchem.2018.00407,N/A,PE,10%
HE.B.No 229 (BM/AS).10.3389/fchem.2018.00407,N/A,PEST,6%
MU.N.No.298 (MA/AD).10.3389/fchem.2018.00407,N/A,PP,54%
MU.N.No.298 (MA/AD).10.3389/fchem.2018.00407,N/A,Nylon,16%
MU.N.No.298 (MA/AD).10.3389/fchem.2018.00407,N/A,PS,11%
MU.N.No.298 (MA/AD).10.3389/fchem.2018.00407,N/A,PE,10%
MU.N.No.298 (MA/AD).10.3389/fchem.2018.00407,N/A,PEST,6%
SO.B No.087 (AS/LB).10.3389/fchem.2018.00407,N/A,PP,54%
SO.B No.087 (AS/LB).10.3389/fchem.2018.00407,N/A,Nylon,16%
SO.B No.087 (AS/LB).10.3389/fchem.2018.00407,N/A,PS,11%
SO.B No.087 (AS/LB).10.3389/fchem.2018.00407,N/A,PE,10%
SO.B No.087 (AS/LB).10.3389/fchem.2018.00407,N/A,PEST,6%
Oct 0118NHBRB.10.3389/fchem.2018.00407,N/A,PP,54%
Oct 0118NHBRB.10.3389/fchem.2018.00407,N/A,Nylon,16%
Oct 0118NHBRB.10.3389/fchem.2018.00407,N/A,PS,11%
Oct 0118NHBRB.10.3389/fchem.2018.00407,N/A,PE,10%
Oct 0118NHBRB.10.3389/fchem.2018.00407,N/A,PEST,6%
P18NOV17CG3.10.3389/fchem.2018.00407,N/A,PP,54%
P18NOV17CG3.10.3389/fchem.2018.00407,N/A,Nylon,16%
P18NOV17CG3.10.3389/fchem.2018.00407,N/A,PS,11%
P18NOV17CG3.10.3389/fchem.2018.00407,N/A,PE,10%
P18NOV17CG3.10.3389/fchem.2018.00407,N/A,PEST,6%
17.11.18.10.3389/fchem.2018.00407,N/A,PP,54%
17.11.18.10.3389/fchem.2018.00407,N/A,Nylon,16%
17.11.18.10.3389/fchem.2018.00407,N/A,PS,11%
17.11.18.10.3389/fchem.2018.00407,N/A,PE,10%
17.11.18.10.3389/fchem.2018.00407,N/A,PEST,6%
14.10.18.10.3389/fchem.2018.00407,N/A,PP,54%
14.10.18.10.3389/fchem.2018.00407,N/A,Nylon,16%
14.10.18.10.3389/fchem.2018.00407,N/A,PS,11%
14.10.18.10.3389/fchem.2018.00407,N/A,PE,10%
14.10.18.10.3389/fchem.2018.00407,N/A,PEST,6%
09.08.18.10.3389/fchem.2018.00407,N/A,PP,54%
09.08.18.10.3389/fchem.2018.00407,N/A,Nylon,16%
09.08.18.10.3389/fchem.2018.00407,N/A,PS,11%
09.08.18.10.3389/fchem.2018.00407,N/A,PE,10%
09.08.18.10.3389/fchem.2018.00407,N/A,PEST,6%
PRD 03 21 2017 14:02.10.3389/fchem.2018.00407,N/A,PP,54%
PRD 03 21 2017 14:02.10.3389/fchem.2018.00407,N/A,Nylon,16%
PRD 03 21 2017 14:02.10.3389/fchem.2018.00407,N/A,PS,11%
PRD 03 21 2017 14:02.10.3389/fchem.2018.00407,N/A,PE,10%
PRD 03 21 2017 14:02.10.3389/fchem.2018.00407,N/A,PEST,6%
PRD 05 24 17 11:29.10.3389/fchem.2018.00407,N/A,PP,54%
PRD 05 24 17 11:29.10.3389/fchem.2018.00407,N/A,Nylon,16%
PRD 05 24 17 11:29.10.3389/fchem.2018.00407,N/A,PS,11%
PRD 05 24 17 11:29.10.3389/fchem.2018.00407,N/A,PE,10%
PRD 05 24 17 11:29.10.3389/fchem.2018.00407,N/A,PEST,6%
07.142018 2.10.3389/fchem.2018.00407,N/A,PP,54%
07.142018 2.10.3389/fchem.2018.00407,N/A,Nylon,16%
07.142018 2.10.3389/fchem.2018.00407,N/A,PS,11%
07.142018 2.10.3389/fchem.2018.00407,N/A,PE,10%
07.142018 2.10.3389/fchem.2018.00407,N/A,PEST,6%
NV No. AC-51-07269.10.3389/fchem.2018.00407,N/A,PP,54%
NV No. AC-51-07269.10.3389/fchem.2018.00407,N/A,Nylon,16%
NV No. AC-51-07269.10.3389/fchem.2018.00407,N/A,PS,11%
NV No. AC-51-07269.10.3389/fchem.2018.00407,N/A,PE,10%
NV No. AC-51-07269.10.3389/fchem.2018.00407,N/A,PEST,6%
FAB: 211017 09:06SP.10.3389/fchem.2018.00407,N/A,PP,54%
FAB: 211017 09:06SP.10.3389/fchem.2018.00407,N/A,Nylon,16%
FAB: 211017 09:06SP.10.3389/fchem.2018.00407,N/A,PS,11%
FAB: 211017 09:06SP.10.3389/fchem.2018.00407,N/A,PE,10%
FAB: 211017 09:06SP.10.3389/fchem.2018.00407,N/A,PEST,6%
FAB: 160817 15:05SP.10.3389/fchem.2018.00407,N/A,PP,54%
FAB: 160817 15:05SP.10.3389/fchem.2018.00407,N/A,Nylon,16%
FAB: 160817 15:05SP.10.3389/fchem.2018.00407,N/A,PS,11%
FAB: 160817 15:05SP.10.3389/fchem.2018.00407,N/A,PE,10%
FAB: 160817 15:05SP.10.3389/fchem.2018.00407,N/A,PEST,6%
FAB: 091217 16:53SP.10.3389/fchem.2018.00407,N/A,PP,54%
FAB: 091217 16:53SP.10.3389/fchem.2018.00407,N/A,Nylon,16%
FAB: 091217 16:53SP.10.3389/fchem.2018.00407,N/A,PS,11%
FAB: 091217 16:53SP.10.3389/fchem.2018.00407,N/A,PE,10%
FAB: 091217 16:53SP.10.3389/fchem.2018.00407,N/A,PEST,6%
100517 278WF246.10.3389/fchem.2018.00407,N/A,PP,54%
100517 278WF246.10.3389/fchem.2018.00407,N/A,Nylon,16%
100517 278WF246.10.3389/fchem.2018.00407,N/A,PS,11%
100517 278WF246.10.3389/fchem.2018.00407,N/A,PE,10%
100517 278WF246.10.3389/fchem.2018.00407,N/A,PEST,6%
P: 4/11/17 03:34 AZ.10.3389/fchem.2018.00407,N/A,PP,54%
P: 4/11/17 03:34 AZ.10.3389/fchem.2018.00407,N/A,Nylon,16%
P: 4/11/17 03:34 AZ.10.3389/fchem.2018.00407,N/A,PS,11%
P: 4/11/17 03:34 AZ.10.3389/fchem.2018.00407,N/A,PE,10%
P: 4/11/17 03:34 AZ.10.3389/fchem.2018.00407,N/A,PEST,6%
730805210A 23:28.10.3389/fchem.2018.00407,N/A,PP,54%
730805210A 23:28.10.3389/fchem.2018.00407,N/A,Nylon,16%
730805210A 23:28.10.3389/fchem.2018.00407,N/A,PS,11%
730805210A 23:28.10.3389/fchem.2018.00407,N/A,PE,10%
730805210A 23:28.10.3389/fchem.2018.00407,N/A,PEST,6%
BBE 11.2018 10.10.3389/fchem.2018.00407,N/A,PP,54%
BBE 11.2018 10.10.3389/fchem.2018.00407,N/A,Nylon,16%
BBE 11.2018 10.10.3389/fchem.2018.00407,N/A,PS,11%
BBE 11.2018 10.10.3389/fchem.2018.00407,N/A,PE,10%
BBE 11.2018 10.10.3389/fchem.2018.00407,N/A,PEST,6%
20171102 1214JN.10.3389/fchem.2018.00407,N/A,PP,54%
20171102 1214JN.10.3389/fchem.2018.00407,N/A,Nylon,16%
20171102 1214JN.10.3389/fchem.2018.00407,N/A,PS,11%
20171102 1214JN.10.3389/fchem.2018.00407,N/A,PE,10%
20171102 1214JN.10.3389/fchem.2018.00407,N/A,PEST,6%
20171021 3214GH.10.3389/fchem.2018.00407,N/A,PP,54%
20171021 3214GH.10.3389/fchem.2018.00407,N/A,Nylon,16%
20171021 3214GH.10.3389/fchem.2018.00407,N/A,PS,11%
20171021 3214GH.10.3389/fchem.2018.00407,N/A,PE,10%
20171021 3214GH.10.3389/fchem.2018.00407,N/A,PEST,6%
20171103 2106WF.10.3389/fchem.2018.00407,N/A,PP,54%
20171103 2106WF.10.3389/fchem.2018.00407,N/A,Nylon,16%
20171103 2106WF.10.3389/fchem.2018.00407,N/A,PS,11%
20171103 2106WF.10.3389/fchem.2018.00407,N/A,PE,10%
20171103 2106WF.10.3389/fchem.2018.00407,N/A,PEST,6%
Nethen.1.10.1016/j.sciotenv.2018.08.178,N/A,PVC,N/A
Nethen.1.10.1016/j.sciotenv.2018.08.178,N/A,Epoxy resin,N/A
Nethen.3.10.1016/j.sciotenv.2018.08.178,N/A,PA,N/A
Holdorf.1a.10.1016/j.sciotenv.2018.08.178,N/A,PEST,N/A
Holdorf.2.10.1016/j.sciotenv.2018.08.178,N/A,PVC,N/A
Holdorf.3.10.1016/j.sciotenv.2018.08.178,N/A,PA,N/A
Holdorf.3.10.1016/j.sciotenv.2018.08.178,N/A,PEST,N/A
Sandelermoens.2.10.1016/j.sciotenv.2018.08.178,N/A,PA,N/A
Sandelermoens.3.10.1016/j.sciotenv.2018.08.178,N/A,PEST,N/A
Thuelsfelde.2.10.1016/j.sciotenv.2018.08.178,N/A,PVC,N/A
Thuelsfelde.3.10.1016/j.sciotenv.2018.08.178,N/A,PEST,N/A
Holdorf.Well 1.10.1016/j.sciotenv.2018.08.178,N/A,PE,N/A
WTP1_Treated.10.1016/j.sciotenv.2018.08.178,N/A,PAM,16%
WTP1_Treated.10.1016/j.sciotenv.2018.08.178,N/A,PE,12%
WTP1_Treated.10.1016/j.sciotenv.2018.08.178,N/A,PET,43%
WTP1_Treated.10.1016/j.sciotenv.2018.08.178,N/A,PP,23%
WTP1_Treated.10.1016/j.sciotenv.2018.08.178,N/A,PVC,2%
WTP1_Treated.10.1016/j.sciotenv.2018.08.178,N/A,others,5%
WTP2_Treated.10.1016/j.sciotenv.2018.08.178,N/A,PAM,16%
WTP2_Treated.10.1016/j.sciotenv.2018.08.178,N/A,PE,12%
WTP2_Treated.10.1016/j.sciotenv.2018.08.178,N/A,PET,43%
WTP2_Treated.10.1016/j.sciotenv.2018.08.178,N/A,PP,23%
WTP2_Treated.10.1016/j.sciotenv.2018.08.178,N/A,PVC,2%
WTP2_Treated.10.1016/j.sciotenv.2018.08.178,N/A,others,5%
WTP3_Treated.10.1016/j.sciotenv.2018.08.178,N/A,PAM,16%
WTP3_Treated.10.1016/j.sciotenv.2018.08.178,N/A,PE,12%
WTP3_Treated.10.1016/j.sciotenv.2018.08.178,N/A,PET,43%
WTP3_Treated.10.1016/j.sciotenv.2018.08.178,N/A,PP,23%
WTP3_Treated.10.1016/j.sciotenv.2018.08.178,N/A,PVC,2%
WTP3_Treated.10.1016/j.sciotenv.2018.08.178,N/A,others,5%
1a.http://dce2.au.dk/pub/SR291.pdf ,N/A,Cellulose,31%
1b.http://dce2.au.dk/pub/SR291.pdf ,N/A,Cellulose,28%
2.http://dce2.au.dk/pub/SR291.pdf ,N/A,Cellulose,56%
3.http://dce2.au.dk/pub/SR291.pdf ,N/A,Cellulose,42%
4.http://dce2.au.dk/pub/SR291.pdf ,N/A,Cellulose,23%
5.http://dce2.au.dk/pub/SR291.pdf ,N/A,Cellulose,57%
6.http://dce2.au.dk/pub/SR291.pdf ,N/A,Cellulose,18%
7.http://dce2.au.dk/pub/SR291.pdf ,N/A,PP,10%
7.http://dce2.au.dk/pub/SR291.pdf ,N/A,Cellulose,70%
8.http://dce2.au.dk/pub/SR291.pdf ,N/A,PS,3%
8.http://dce2.au.dk/pub/SR291.pdf ,N/A,Cellulose,13%
9.http://dce2.au.dk/pub/SR291.pdf ,N/A,Cellulose,33%
10.http://dce2.au.dk/pub/SR291.pdf ,N/A,Cellulose,54%
11.http://dce2.au.dk/pub/SR291.pdf ,N/A,Cellulose,55%
12.http://dce2.au.dk/pub/SR291.pdf ,N/A,Cellulose,30%
13.http://dce2.au.dk/pub/SR291.pdf ,N/A,Cellulose,33%
14.http://dce2.au.dk/pub/SR291.pdf ,N/A,Cellulose,100%
15.http://dce2.au.dk/pub/SR291.pdf ,N/A,Cellulose,21%
15.http://dce2.au.dk/pub/SR291.pdf ,N/A,PP,5%
16.http://dce2.au.dk/pub/SR291.pdf ,N/A,PET,5%
16.http://dce2.au.dk/pub/SR291.pdf ,N/A,Cellulose,35%
17.http://dce2.au.dk/pub/SR291.pdf ,N/A,Cellulose,31%
S2.10.1016/j.hazmat.2021.125708,N/A,PA,N/A
S2.10.1016/j.hazmat.2021.125708,N/A,PVC,N/A
S2.10.1016/j.hazmat.2021.125708,N/A,PET,N/A
S2.10.1016/j.hazmat.2021.125708,N/A,PE,N/A
S3.10.1016/j.hazmat.2021.125708,N/A,PA,N/A
S3.10.1016/j.hazmat.2021.125708,N/A,PVC,N/A
S3.10.1016/j.hazmat.2021.125708,N/A,PET,N/A
S3.10.1016/j.hazmat.2021.125708,N/A,PE,N/A
S4.10.1016/j.hazmat.2021.125708,N/A,PVC,N/A
S4.10.1016/j.hazmat.2021.125708,N/A,PE,N/A
settled_10.1016/j.chemosphere.2021.132587,N/A,plastic additive,N/A
settled_10.1016/j.chemosphere.2021.132587,N/A,PBT,N/A
settled_10.1016/j.chemosphere.2021.132587,N/A,PE,N/A
settled_10.1016/j.chemosphere.2021.132587,N/A,PU,N/A
settled_10.1016/j.chemosphere.2021.132587,N/A,PET-PEST,N/A
filtered_10.1016/j.chemosphere.2021.132587,N/A,PAN,N/A
filtered_10.1016/j.chemosphere.2021.132587,N/A,plastic additive,N/A
filtered_10.1016/j.chemosphere.2021.132587,N/A,PBT,N/A
filtered_10.1016/j.chemosphere.2021.132587,N/A,PE,N/A
filtered_10.1016/j.chemosphere.2021.132587,N/A,PU,N/A
filtered_10.1016/j.chemosphere.2021.132587,N/A,PP,N/A
filtered_10.1016/j.chemosphere.2021.132587,N/A,PET-PEST,N/A
clearwell_10.1016/j.chemosphere.2021.132587,N/A,silicone,N/A
clearwell_10.1016/j.chemosphere.2021.132587,N/A,plastic additive,N/A
clearwell_10.1016/j.chemosphere.2021.132587,N/A,PE,N/A
clearwell_10.1016/j.chemosphere.2021.132587,N/A,PU,N/A
clearwell_10.1016/j.chemosphere.2021.132587,N/A,PET-PEST,N/A
distribution_10.1016/j.chemosphere.2021.132587,N/A,plastic additive,N/A
distribution_10.1016/j.chemosphere.2021.132587,N/A,PBT,N/A
distribution_10.1016/j.chemosphere.2021.132587,N/A,PE,N/A
distribution_10.1016/j.chemosphere.2021.132587,N/A,PP,N/A
distribution_10.1016/j.chemosphere.2021.132587,N/A,PET-PEST,N/A
V.10.1016/j.watres.2020.11.6519,N/A,acrylic,N/A
V.10.1016/j.watres.2020.11.6519,N/A,PE,N/A
V.10.1016/j.watres.2020.11.6519,N/A,PVC,N/A
BJP.10.1016/j.watres.2020.11.6519,N/A,polyester,N/A
BJP.10.1016/j.watres.2020.11.6519,N/A,acrylic,N/A
BJP.10.1016/j.watres.2020.11.6519,N/A,PA,N/A
BJP.10.1016/j.watres.2020.11.6519,N/A,PE,N/A
BJP.10.1016/j.watres.2020.11.6519,N/A,PVC,N/A
BJP.10.1016/j.watres.2020.11.6519,N/A,PS,N/A
BJP.10.1016/j.watres.2020.11.6519,N/A,PU,N/A
BJP.10.1016/j.watres.2020.11.6519,N/A,PP,N/A
BJH.10.1016/j.watres.2020.11.6519,N/A,polyester,N/A
BJH.10.1016/j.watres.2020.11.6519,N/A,acrylic,N/A
BJH.10.1016/j.watres.2020.11.6519,N/A,PA,N/A
BJH.10.1016/j.watres.2020.11.6519,N/A,PVC,N/A
BJH.10.1016/j.watres.2020.11.6519,N/A,PP,N/A
BOP.10.1016/j.watres.2020.11.6519,N/A,polyester,N/A
BOP.10.1016/j.watres.2020.11.6519,N/A,acrylic,N/A
BOP.10.1016/j.watres.2020.11.6519,N/A,PA,N/A
BOP.10.1016/j.watres.2020.11.6519,N/A,PS,N/A
BOP.10.1016/j.watres.2020.11.6519,N/A,PP,N/A
BOH.10.1016/j.watres.2020.11.6519,N/A,polyester,N/A
BOH.10.1016/j.watres.2020.11.6519,N/A,acrylic,N/A
BOH.10.1016/j.watres.2020.11.6519,N/A,PA,N/A
BOH.10.1016/j.watres.2020.11.6519,N/A,PE,N/A
BOH.10.1016/j.watres.2020.11.6519,N/A,PVC,N/A
BOH.10.1016/j.watres.2020.11.6519,N/A,PP,N/A
1.10.1007/s11270-022-05649-y,N/A,PE,N/A
1.10.1007/s11270-022-05649-y,N/A,PS,N/A
1.10.1007/s11270-022-05649-y,N/A,PP,N/A
1.10.1016/j.scitotenv.2021.152623,N/A,PS,N/A
A_BioTreatment.10.1016/j.scitotenv.2021.150545,A_BioTreatment_PE.10.1016/j.scitotenv.2021.150545,PE,100%
A_BioTreatment.10.1016/j.scitotenv.2021.150545,A_BioTreatment_PP.10.1016/j.scitotenv.2021.150545,PP,100%
A_BioTreatment.10.1016/j.scitotenv.2021.150545,A_BioTreatment_PVC.10.1016/j.scitotenv.2021.150545,PVC,100%
A_Sedimentation.10.1016/j.scitotenv.2021.150545,A_Sedimentation_PE.10.1016/j.scitotenv.2021.150545,PE,100%
A_Sedimentation.10.1016/j.scitotenv.2021.150545,A_Sedimentation_PP.10.1016/j.scitotenv.2021.150545,PP,100%
A_Sedimentation.10.1016/j.scitotenv.2021.150545,A_Sedimentation_PVC.10.1016/j.scitotenv.2021.150545,PVC,100%
A_Ozonation.10.1016/j.scitotenv.2021.150545,A_Ozonation_PE.10.1016/j.scitotenv.2021.150545,PE,100%
A_Ozonation.10.1016/j.scitotenv.2021.150545,A_Ozonation_PP.10.1016/j.scitotenv.2021.150545,PP,100%
A_Ozonation.10.1016/j.scitotenv.2021.150545,A_Ozonation_PVC.10.1016/j.scitotenv.2021.150545,PVC,100%
A_BAC.10.1016/j.scitotenv.2021.150545,A_BAC_PE.10.1016/j.scitotenv.2021.150545,PE,100%
A_BAC.10.1016/j.scitotenv.2021.150545,A_BAC_PP.10.1016/j.scitotenv.2021.150545,PP,100%
A_BAC.10.1016/j.scitotenv.2021.150545,A_BAC_PVC.10.1016/j.scitotenv.2021.150545,PVC,100%
A_Flocc.10.1016/j.scitotenv.2021.150545,A_Flocc_PE.10.1016/j.scitotenv.2021.150545,PE,100%
A_Flocc.10.1016/j.scitotenv.2021.150545,A_Flocc_PP.10.1016/j.scitotenv.2021.150545,PP,100%
A_Flocc.10.1016/j.scitotenv.2021.150545,A_Flocc_PVC.10.1016/j.scitotenv.2021.150545,PVC,100%
A_Sand.10.1016/j.scitotenv.2021.150545,A_Sand_PE.10.1016/j.scitotenv.2021.150545,PE,100%
A_Sand.10.1016/j.scitotenv.2021.150545,A_Sand_PP.10.1016/j.scitotenv.2021.150545,PP,100%
A_Sand.10.1016/j.scitotenv.2021.150545,A_Sand_PVC.10.1016/j.scitotenv.2021.150545,PVC,100%
A_Treated.10.1016/j.scitotenv.2021.150545,A_Treated_PE.10.1016/j.scitotenv.2021.150545,PE,100%
A_Treated.10.1016/j.scitotenv.2021.150545,A_Treated_PP.10.1016/j.scitotenv.2021.150545,PP,100%
A_Treated.10.1016/j.scitotenv.2021.150545,A_Treated_PVC.10.1016/j.scitotenv.2021.150545,PVC,100%
B_BioTreatment.10.1016/j.scitotenv.2021.150545,B_BioTreatment_PA.10.1016/j.scitotenv.2021.150545,PA,100%
B_BioTreatment.10.1016/j.scitotenv.2021.150545,B_BioTreatment_VINYL.10.1016/j.scitotenv.2021.150545,VINYL,100%
B_BioTreatment.10.1016/j.scitotenv.2021.150545,B_BioTreatment_VINYON.10.1016/j.scitotenv.2021.150545,VINYON,100%
B_Sedimentation.10.1016/j.scitotenv.2021.150545,B_Sedimentation_PA.10.1016/j.scitotenv.2021.150545,PA,100%
B_Sedimentation.10.1016/j.scitotenv.2021.150545,B_Sedimentation_VINYL.10.1016/j.scitotenv.2021.150545,VINYL,100%
B_Sedimentation.10.1016/j.scitotenv.2021.150545,B_Sedimentation_VINYON.10.1016/j.scitotenv.2021.150545,VINYON,100%
B_Ozonation.10.1016/j.scitotenv.2021.150545,B_Ozonation_PA.10.1016/j.scitotenv.2021.150545,PA,100%
B_Ozonation.10.1016/j.scitotenv.2021.150545,B_Ozonation_VINYL.10.1016/j.scitotenv.2021.150545,VINYL,100%
B_Ozonation.10.1016/j.scitotenv.2021.150545,B_Ozonation_VINYON.10.1016/j.scitotenv.2021.150545,VINYON,100%
B_BAC.10.1016/j.scitotenv.2021.150545,B_BAC_PA.10.1016/j.scitotenv.2021.150545,PA,100%
B_BAC.10.1016/j.scitotenv.2021.150545,B_BAC_VINYL.10.1016/j.scitotenv.2021.150545,VINYL,100%
B_BAC.10.1016/j.scitotenv.2021.150545,B_BAC_VINYON.10.1016/j.scitotenv.2021.150545,VINYON,100%
B_Flocc.10.1016/j.scitotenv.2021.150545,B_Flocc_PA.10.1016/j.scitotenv.2021.150545,PA,100%
B_Flocc.10.1016/j.scitotenv.2021.150545,B_Flocc_VINYL.10.1016/j.scitotenv.2021.150545,VINYL,100%
B_Flocc.10.1016/j.scitotenv.2021.150545,B_Flocc_VINYON.10.1016/j.scitotenv.2021.150545,VINYON,100%
B_Sand.10.1016/j.scitotenv.2021.150545,B_Sand_PA.10.1016/j.scitotenv.2021.150545,PA,100%
B_Sand.10.1016/j.scitotenv.2021.150545,B_Sand_VINYL.10.1016/j.scitotenv.2021.150545,VINYL,100%
B_Sand.10.1016/j.scitotenv.2021.150545,B_Sand_VINYON.10.1016/j.scitotenv.2021.150545,VINYON,100%
B_Treated.10.1016/j.scitotenv.2021.150545,B_Treated_PA.10.1016/j.scitotenv.2021.150545,PA,100%
B_Treated.10.1016/j.scitotenv.2021.150545,B_Treated_VINYL.10.1016/j.scitotenv.2021.150545,VINYL,100%
B_Treated.10.1016/j.scitotenv.2021.150545,B_Treated_VINYON.10.1016/j.scitotenv.2021.150545,VINYON,100%
C_BioTreatment.10.1016/j.scitotenv.2021.150545,C_BioTreatment_PET.10.1016/j.scitotenv.2021.150545,PET,100%
C_BioTreatment.10.1016/j.scitotenv.2021.150545,C_BioTreatment_VINYL.10.1016/j.scitotenv.2021.150545,VINYL,100%
C_BioTreatment.10.1016/j.scitotenv.2021.150545,C_BioTreatment_OTHERS.10.1016/j.scitotenv.2021.150545,OTHERS,100%
C_Sedimentation.10.1016/j.scitotenv.2021.150545,C_Sedimentation_PET.10.1016/j.scitotenv.2021.150545,PET,100%
C_Sedimentation.10.1016/j.scitotenv.2021.150545,C_Sedimentation_VINYL.10.1016/j.scitotenv.2021.150545,VINYL,100%
C_Sedimentation.10.1016/j.scitotenv.2021.150545,C_Sedimentation_OTHERS.10.1016/j.scitotenv.2021.150545,OTHERS,100%
C_Ozonation.10.1016/j.scitotenv.2021.150545,C_Ozonation_PET.10.1016/j.scitotenv.2021.150545,PET,100%
C_Ozonation.10.1016/j.scitotenv.2021.150545,C_Ozonation_VINYL.10.1016/j.scitotenv.2021.150545,VINYL,100%
C_Ozonation.10.1016/j.scitotenv.2021.150545,C_Ozonation_OTHERS.10.1016/j.scitotenv.2021.150545,OTHERS,100%
C_BAC.10.1016/j.scitotenv.2021.150545,C_BAC_PET.10.1016/j.scitotenv.2021.150545,PET,100%
C_BAC.10.1016/j.scitotenv.2021.150545,C_BAC_VINYL.10.1016/j.scitotenv.2021.150545,VINYL,100%
C_BAC.10.1016/j.scitotenv.2021.150545,C_BAC_OTHERS.10.1016/j.scitotenv.2021.150545,OTHERS,100%
C_Flocc.10.1016/j.scitotenv.2021.150545,C_Flocc_PET.10.1016/j.scitotenv.2021.150545,PET,100%
C_Flocc.10.1016/j.scitotenv.2021.150545,C_Flocc_VINYL.10.1016/j.scitotenv.2021.150545,VINYL,100%
C_Flocc.10.1016/j.scitotenv.2021.150545,C_Flocc_OTHERS.10.1016/j.scitotenv.2021.150545,OTHERS,100%
C_Sand.10.1016/j.scitotenv.2021.150545,C_Sand_PET.10.1016/j.scitotenv.2021.150545,PET,100%
C_Sand.10.1016/j.scitotenv.2021.150545,C_Sand_VINYL.10.1016/j.scitotenv.2021.150545,VINYL,100%
C_Sand.10.1016/j.scitotenv.2021.150545,C_Sand_OTHERS.10.1016/j.scitotenv.2021.150545,OTHERS,100%
C_Treated.10.1016/j.scitotenv.2021.150545,C_Treated_PET.10.1016/j.scitotenv.2021.150545,PET,100%
C_Treated.10.1016/j.scitotenv.2021.150545,C_Treated_VINYL.10.1016/j.scitotenv.2021.150545,VINYL,100%
C_Treated.10.1016/j.scitotenv.2021.150545,C_Treated_OTHERS.10.1016/j.scitotenv.2021.150545,OTHERS,100%
Mintenig_10.1371/journal.pone.0236838,N/A,PE,62%
Mintenig_10.1371/journal.pone.0236838,N/A,PVC,14%
Mintenig_10.1371/journal.pone.0236838,N/A,PA/Epoxy resin,9%
Mintenig_10.1371/journal.pone.0236838,N/A,PE,6%
Shruti_10.1371/journal.pone.0236838,N/A,PTT,N/A
Shruti_10.1371/journal.pone.0236838,N/A,epoxy resin,N/A
Strand_10.1371/journal.pone.0236838,N/A,PP,50%
Strand_10.1371/journal.pone.0236838,N/A,PS,25%
Strand_10.1371/journal.pone.0236838,N/A,PET,25%
Zhang_10.1371/journal.pone.0236838,N/A,Rayon,N/A
Zhang_10.1371/journal.pone.0236838,N/A,PET,N/A
Zhang_10.1371/journal.pone.0236838,N/A,PE,N/A
Zhang_10.1371/journal.pone.0236838,N/A,PS,N/A
Zhang_10.1371/journal.pone.0236838,N/A,Polyester,N/A
Zhang_10.1371/journal.pone.0236838,N/A,PAA,N/A
Zhang_10.1371/journal.pone.0236838,N/A,PMPS,N/A
Zhang_10.1371/journal.pone.0236838,N/A,PI,N/A
Mason_10.1371/journal.pone.0236838,Mason.1_10.1371/journal.pone.0236838,PP,54%
Mason_10.1371/journal.pone.0236838,Mason.1_10.1371/journal.pone.0236838,Nylon,16%
Mason_10.1371/journal.pone.0236838,Mason.2_10.1371/journal.pone.0236838,PP,54%
Mason_10.1371/journal.pone.0236838,Mason.2_10.1371/journal.pone.0236838,Nylon,16%
Ossmann_10.1371/journal.pone.0236838,N/A,PET,N/A
Ossmann_10.1371/journal.pone.0236838,N/A,PP,N/A
Ossmann_10.1371/journal.pone.0236838,N/A,PET,N/A
Ossmann_10.1371/journal.pone.0236838,N/A,olefin,N/A
Ossmann_10.1371/journal.pone.0236838,N/A,PE,N/A
Ossmann_10.1371/journal.pone.0236838,N/A,styrene-butadiene,N/A
Weisheu_10.1371/journal.pone.0236838,N/A,PET,N/A
Czech_Milence_DWTP_10.11001/jksww.2020.34.5.357,N/A,CA,N/A
Czech_Milence_DWTP_10.11001/jksww.2020.34.5.357,N/A,PET,N/A
Czech_Milence_DWTP_10.11001/jksww.2020.34.5.357,N/A,PVC,N/A
Czech_Milence_DWTP_10.11001/jksww.2020.34.5.357,N/A,PE,N/A
Czech_Milence_DWTP_10.11001/jksww.2020.34.5.357,N/A,PP,N/A
Czech_Milence_DWTP_10.11001/jksww.2020.34.5.357,N/A,BPA,N/A
Czech_Plzen_DWTP_10.11001/jksww.2020.34.5.357,N/A,CA,N/A
Czech_Plzen_DWTP_10.11001/jksww.2020.34.5.357,N/A,PET,N/A
Czech_Plzen_DWTP_10.11001/jksww.2020.34.5.357,N/A,PVC,N/A
Czech_Plzen_DWTP_10.11001/jksww.2020.34.5.357,N/A,PE,N/A
Czech_Plzen_DWTP_10.11001/jksww.2020.34.5.357,N/A,PP,N/A
Czech_Plzen_DWTP_10.11001/jksww.2020.34.5.357,N/A,BPA,N/A
AverageAll_10.1016/j.watres.2019.02.054,N/A,PE,N/A
AverageAll_10.1016/j.watres.2019.02.054,N/A,PP,N/A
AverageAll_10.1016/j.watres.2019.02.054,N/A,PS,N/A
AverageAll_10.1016/j.watres.2019.02.054,N/A,PVC,N/A
AverageAll_10.1016/j.watres.2019.02.054,N/A,PET,N/A
AverageAll_10.1016/j.watres.2019.02.054,N/A,PA,N/A
AverageAll_10.1016/j.watres.2019.02.054,N/A,Acrylic,N/A
AverageAll_10.1016/j.watres.2019.02.054,N/A,PEST,N/A
AverageAll_10.1016/j.watres.2019.02.054,N/A,PMMA,N/A
AverageAll_10.1016/j.watres.2019.02.054,N/A,PUR,N/A
AverageAll_10.1016/j.watres.2019.02.054,N/A,Nylon,N/A
AverageAll_10.1016/j.watres.2019.02.054,N/A,Polyester,N/A
AverageAll_10.1016/j.watres.2019.02.054,N/A,Cellulose,N/A
AverageAll_10.1016/j.watres.2019.02.054,N/A,Cellophane,N/A
AverageAll_10.1016/j.watres.2019.02.054,N/A,SAN,N/A
AverageAll_10.1016/j.watres.2019.02.054,N/A,PC,N/A
AverageAll_10.1016/j.watres.2019.02.054,N/A,PDMS,N/A
AverageAll_10.1016/j.watres.2019.02.054,N/A,PLA,N/A
AverageAll_10.1016/j.watres.2019.02.054,N/A,PTFE,N/A
AverageAll_10.1016/j.watres.2019.02.054,N/A,SBR,N/A
AverageAll_10.1016/j.watres.2019.02.054,N/A,Silicone,N/A
AverageAll_10.1016/j.watres.2019.02.054,N/A,Epoxy-resin,N/A
MineralWater_SingleUsePET_10.1016/j.impact.2021.100302,N/A,PET,78%
MineralWater_SingleUsePET_10.1016/j.impact.2021.100302,N/A,PET+olefin,11%
MineralWater_SingleUsePET_10.1016/j.impact.2021.100302,N/A,PE,0.70%
MineralWater_SingleUsePET_10.1016/j.impact.2021.100302,N/A,PP,10%
MineralWater_SingleUsePET_10.1016/j.impact.2021.100302,N/A,others,1%
MineralWater_ReusablePET_10.1016/j.impact.2021.100302,N/A,PET,7%
MineralWater_ReusablePET_10.1016/j.impact.2021.100302,N/A,PET+olefin,7.7%
MineralWater_ReusablePET_10.1016/j.impact.2021.100302,N/A,PE,5.4%
MineralWater_ReusablePET_10.1016/j.impact.2021.100302,N/A,PP,10%
MineralWater_ReusablePET_10.1016/j.impact.2021.100302,N/A,others,2.6%
MineralWater_Glass_10.1016/j.impact.2021.100302,N/A,PET,3.6%
MineralWater_Glass_10.1016/j.impact.2021.100302,N/A,PE,46%
MineralWater_Glass_10.1016/j.impact.2021.100302,N/A,PP,23%
MineralWater_Glass_10.1016/j.impact.2021.100302,N/A,SBC,14%
MineralWater_Glass_10.1016/j.impact.2021.100302,N/A,others,13%
RawDrinkingWater_10.1016/j.impact.2021.100302,RawDrinkingWater.1_10.1016/j.impact.2021.100302,PBA,2%
RawDrinkingWater_10.1016/j.impact.2021.100302,RawDrinkingWater.1_10.1016/j.impact.2021.100302,PE,8%
RawDrinkingWater_10.1016/j.impact.2021.100302,RawDrinkingWater.1_10.1016/j.impact.2021.100302,PET,52%
RawDrinkingWater_10.1016/j.impact.2021.100302,RawDrinkingWater.1_10.1016/j.impact.2021.100302,PMMA,2%
RawDrinkingWater_10.1016/j.impact.2021.100302,RawDrinkingWater.1_10.1016/j.impact.2021.100302,PP,20%
RawDrinkingWater_10.1016/j.impact.2021.100302,RawDrinkingWater.1_10.1016/j.impact.2021.100302,PS,5%
RawDrinkingWater_10.1016/j.impact.2021.100302,RawDrinkingWater.1_10.1016/j.impact.2021.100302,PTT,2%
RawDrinkingWater_10.1016/j.impact.2021.100302,RawDrinkingWater.1_10.1016/j.impact.2021.100302,PVC,5%
RawDrinkingWater_10.1016/j.impact.2021.100302,RawDrinkingWater.1_10.1016/j.impact.2021.100302,others,6%
RawDrinkingWater_10.1016/j.impact.2021.100302,RawDrinkingWater.2_10.1016/j.impact.2021.100302,PBA,2%
RawDrinkingWater_10.1016/j.impact.2021.100302,RawDrinkingWater.2_10.1016/j.impact.2021.100302,PE,8%
RawDrinkingWater_10.1016/j.impact.2021.100302,RawDrinkingWater.2_10.1016/j.impact.2021.100302,PET,52%
RawDrinkingWater_10.1016/j.impact.2021.100302,RawDrinkingWater.2_10.1016/j.impact.2021.100302,PMMA,2%
RawDrinkingWater_10.1016/j.impact.2021.100302,RawDrinkingWater.2_10.1016/j.impact.2021.100302,PP,20%
RawDrinkingWater_10.1016/j.impact.2021.100302,RawDrinkingWater.2_10.1016/j.impact.2021.100302,PS,5%
RawDrinkingWater_10.1016/j.impact.2021.100302,RawDrinkingWater.2_10.1016/j.impact.2021.100302,PTT,2%
RawDrinkingWater_10.1016/j.impact.2021.100302,RawDrinkingWater.2_10.1016/j.impact.2021.100302,PVC,5%
RawDrinkingWater_10.1016/j.impact.2021.100302,RawDrinkingWater.2_10.1016/j.impact.2021.100302,others,6%
RawDrinkingWater_10.1016/j.impact.2021.100302,RawDrinkingWater.3_10.1016/j.impact.2021.100302,PBA,2%
RawDrinkingWater_10.1016/j.impact.2021.100302,RawDrinkingWater.3_10.1016/j.impact.2021.100302,PE,8%
RawDrinkingWater_10.1016/j.impact.2021.100302,RawDrinkingWater.3_10.1016/j.impact.2021.100302,PET,52%
RawDrinkingWater_10.1016/j.impact.2021.100302,RawDrinkingWater.3_10.1016/j.impact.2021.100302,PMMA,2%
RawDrinkingWater_10.1016/j.impact.2021.100302,RawDrinkingWater.3_10.1016/j.impact.2021.100302,PP,20%
RawDrinkingWater_10.1016/j.impact.2021.100302,RawDrinkingWater.3_10.1016/j.impact.2021.100302,PS,5%
RawDrinkingWater_10.1016/j.impact.2021.100302,RawDrinkingWater.3_10.1016/j.impact.2021.100302,PTT,2%
RawDrinkingWater_10.1016/j.impact.2021.100302,RawDrinkingWater.3_10.1016/j.impact.2021.100302,PVC,5%
RawDrinkingWater_10.1016/j.impact.2021.100302,RawDrinkingWater.3_10.1016/j.impact.2021.100302,others,6%
TapWater_10.1016/j.impact.2021.100302,N/A,PE,26.7%
TapWater_10.1016/j.impact.2021.100302,N/A,PP,24.4%
TapWater_10.1016/j.impact.2021.100302,N/A,PE+PP,22%
TapWater_10.1016/j.impact.2021.100302,N/A,PPS,7.3%
TapWater_10.1016/j.impact.2021.100302,N/A,PS,6.5%
TapWater_10.1016/j.impact.2021.100302,N/A,PET,3.3%
TapWater_10.1016/j.impact.2021.100302,N/A,others,9.8%
RawWater_10.1016/j.impact.2021.100302,N/A,PET,N/A
RawWater_10.1016/j.impact.2021.100302,N/A,PE,N/A
RawWater_10.1016/j.impact.2021.100302,N/A,PP,N/A
RawWater_10.1016/j.impact.2021.100302,N/A,PAM,N/A
RawWater_10.1016/j.impact.2021.100302,N/A,others,N/A
TreatedDrinkingWater2_10.1016/j.impact.2021.100302,N/A,PET,N/A
TreatedDrinkingWater2_10.1016/j.impact.2021.100302,N/A,PE,N/A
TreatedDrinkingWater2_10.1016/j.impact.2021.100302,N/A,PP,N/A
TreatedDrinkingWater2_10.1016/j.impact.2021.100302,N/A,PAM,N/A
TreatedDrinkingWater2_10.1016/j.impact.2021.100302,N/A,others,N/A
Mintenig_10.1007/s11783-021-1492-5,N/A,PEST,N/A
Mintenig_10.1007/s11783-021-1492-5,N/A,PVC,N/A
Mintenig_10.1007/s11783-021-1492-5,N/A,PE,N/A
Mintenig_10.1007/s11783-021-1492-5,N/A,PA/nylon,N/A
Mintenig_10.1007/s11783-021-1492-5,N/A,Epoxy resin,N/A
Sarkar_10.1007/s11783-021-1492-5,N/A,PE,N/A
Sarkar_10.1007/s11783-021-1492-5,N/A,PP,N/A
Sarkar_10.1007/s11783-021-1492-5,N/A,PET,N/A
Sarkar_10.1007/s11783-021-1492-5,N/A,PS,N/A
Johnson_10.1007/s11783-021-1492-5,N/A,PE,N/A
Johnson_10.1007/s11783-021-1492-5,N/A,PP,N/A
Dalmau-Soler_10.1007/s11783-021-1492-5,N/A,PP,N/A
Dalmau-Soler_10.1007/s11783-021-1492-5,N/A,PEST,N/A
Dalmau-Soler_10.1007/s11783-021-1492-5,N/A,PS,N/A
Dalmau-Soler_10.1007/s11783-021-1492-5,N/A,PAN,N/A
Dalmau-Soler_10.1007/s11783-021-1492-5,N/A,ABS,N/A
Dalmau-Soler_10.1007/s11783-021-1492-5,N/A,PE,N/A
gallon_brand1.10.3390/environments8120138,N/A,PET,N/A
gallon_refill3.10.3390/environments8120138,N/A,LDPE,N/A
Kankanige1.10.1016/j.cotox.2021.09.003,N/A,PET,28.4%
Kankanige1.10.1016/j.cotox.2021.09.003,N/A,PE,24.2%
Kankanige1.10.1016/j.cotox.2021.09.003,N/A,PP,18.1%
Kankanige1.10.1016/j.cotox.2021.09.003,N/A,PA,7.2%
Kankanige1.10.1016/j.cotox.2021.09.003,N/A,PVC,4.4%
Kankanige2.10.1016/j.cotox.2021.09.003,N/A,PET,28.4%
Kankanige2.10.1016/j.cotox.2021.09.003,N/A,PE,24.2%
Kankanige2.10.1016/j.cotox.2021.09.003,N/A,PP,18.1%
Kankanige2.10.1016/j.cotox.2021.09.003,N/A,PA,7.2%
Kankanige2.10.1016/j.cotox.2021.09.003,N/A,PVC,4.4%
Pivokonsky1.10.1016/j.cotox.2021.09.003,N/A,CA,N/A
Pivokonsky1.10.1016/j.cotox.2021.09.003,N/A,PET,N/A
Pivokonsky1.10.1016/j.cotox.2021.09.003,N/A,PVC,N/A
Pivokonsky1.10.1016/j.cotox.2021.09.003,N/A,PE,N/A
Pivokonsky1.10.1016/j.cotox.2021.09.003,N/A,PP,N/A
Pivokonsky1.10.1016/j.cotox.2021.09.003,N/A,PBA,N/A
Pivokonsky1.10.1016/j.cotox.2021.09.003,N/A,PTT,N/A
Pivokonsky2.10.1016/j.cotox.2021.09.003,N/A,PET,N/A
Pivokonsky2.10.1016/j.cotox.2021.09.003,N/A,PP,N/A
Pivokonsky2.10.1016/j.cotox.2021.09.003,N/A,PS,N/A
Pivokonsky2.10.1016/j.cotox.2021.09.003,N/A,PVC,N/A
Kankanige3.10.1016/j.cotox.2021.09.003,Kankanige3.1.10.1016/j.cotox.2021.09.003,PET,28.4%
Kankanige3.10.1016/j.cotox.2021.09.003,Kankanige3.1.10.1016/j.cotox.2021.09.003,PE,24.2%
Kankanige3.10.1016/j.cotox.2021.09.003,Kankanige3.1.10.1016/j.cotox.2021.09.003,PP,18.1%
Kankanige3.10.1016/j.cotox.2021.09.003,Kankanige3.1.10.1016/j.cotox.2021.09.003,PA,7.2%
Kankanige3.10.1016/j.cotox.2021.09.003,Kankanige3.1.10.1016/j.cotox.2021.09.003,PVC,2.2%
Kankanige3.10.1016/j.cotox.2021.09.003,Kankanige3.2.10.1016/j.cotox.2021.09.003,PET,28.4%
Kankanige3.10.1016/j.cotox.2021.09.003,Kankanige3.2.10.1016/j.cotox.2021.09.003,PE,24.2%
Kankanige3.10.1016/j.cotox.2021.09.003,Kankanige3.2.10.1016/j.cotox.2021.09.003,PP,18.1%
Kankanige3.10.1016/j.cotox.2021.09.003,Kankanige3.2.10.1016/j.cotox.2021.09.003,PA,7.2%
Kankanige3.10.1016/j.cotox.2021.09.003,Kankanige3.2.10.1016/j.cotox.2021.09.003,PVC,2.2%
Kankanige3.10.1016/j.cotox.2021.09.003,Kankanige3.3.10.1016/j.cotox.2021.09.003,PET,28.4%
Kankanige3.10.1016/j.cotox.2021.09.003,Kankanige3.3.10.1016/j.cotox.2021.09.003,PE,24.2%
Kankanige3.10.1016/j.cotox.2021.09.003,Kankanige3.3.10.1016/j.cotox.2021.09.003,PP,18.1%
Kankanige3.10.1016/j.cotox.2021.09.003,Kankanige3.3.10.1016/j.cotox.2021.09.003,PA,7.2%
Kankanige3.10.1016/j.cotox.2021.09.003,Kankanige3.3.10.1016/j.cotox.2021.09.003,PVC,2.2%
Kankanige3.10.1016/j.cotox.2021.09.003,Kankanige3.4.10.1016/j.cotox.2021.09.003,PET,28.4%
Kankanige3.10.1016/j.cotox.2021.09.003,Kankanige3.4.10.1016/j.cotox.2021.09.003,PE,24.2%
Kankanige3.10.1016/j.cotox.2021.09.003,Kankanige3.4.10.1016/j.cotox.2021.09.003,PP,18.1%
Kankanige3.10.1016/j.cotox.2021.09.003,Kankanige3.4.10.1016/j.cotox.2021.09.003,PA,7.2%
Kankanige3.10.1016/j.cotox.2021.09.003,Kankanige3.4.10.1016/j.cotox.2021.09.003,PVC,2.2%
Lao Shann.10.1016/j.jwpe.2020.101884,N/A,cellulose,N/A
Lao Shann.10.1016/j.jwpe.2020.101884,N/A,PVC,N/A
VOSS.10.1016/j.jwpe.2020.101884,N/A,PE,N/A
VOSS.10.1016/j.jwpe.2020.101884,N/A,cellulose,N/A
VOSS.10.1016/j.jwpe.2020.101884,N/A,PVC,N/A
VOSS.10.1016/j.jwpe.2020.101884,N/A,PA,N/A
Master_kong.10.1016/j.jwpe.2020.101884,N/A,PET,N/A
Master_kong.10.1016/j.jwpe.2020.101884,N/A,cellulose,N/A
Master_kong.10.1016/j.jwpe.2020.101884,N/A,PAA,N/A
Kun_Lun_Shan.10.1016/j.jwpe.2020.101884,N/A,PE,N/A
Kun_Lun_Shan.10.1016/j.jwpe.2020.101884,N/A,PET,N/A
Kun_Lun_Shan.10.1016/j.jwpe.2020.101884,N/A,PS,N/A
Kun_Lun_Shan.10.1016/j.jwpe.2020.101884,N/A,PU,N/A
Kun_Lun_Shan.10.1016/j.jwpe.2020.101884,N/A,cellulose,N/A
Wahaha.10.1016/j.jwpe.2020.101884,N/A,PET,N/A
Wahaha.10.1016/j.jwpe.2020.101884,N/A,cellulose,N/A
C'estbon.10.1016/j.jwpe.2020.101884,N/A,PU,N/A
C'estbon.10.1016/j.jwpe.2020.101884,N/A,cellulose,N/A
C'estbon.10.1016/j.jwpe.2020.101884,N/A,PA,N/A
Run_Tian_Cui10.1016/j.jwpe.2020.101884,N/A,PE,N/A
Run_Tian_Cui10.1016/j.jwpe.2020.101884,N/A,PET,N/A
Run_Tian_Cui10.1016/j.jwpe.2020.101884,N/A,PS,N/A
Run_Tian_Cui10.1016/j.jwpe.2020.101884,N/A,cellulose,N/A
Ever_Grande.10.1016/j.jwpe.2020.101884,N/A,cellulose,N/A
Ever_Grande.10.1016/j.jwpe.2020.101884,N/A,PP,N/A
Ocean_AQUA.10.1016/j.jwpe.2020.101884,N/A,cellulose,N/A
Ganten_Mineral_Water.10.1016/j.jwpe.2020.101884,N/A,PE,N/A
Ganten_Mineral_Water.10.1016/j.jwpe.2020.101884,N/A,PET,N/A
Ganten_Mineral_Water.10.1016/j.jwpe.2020.101884,N/A,cellulose,N/A
Nong_Fu.10.1016/j.jwpe.2020.101884,N/A,cellulose,N/A
Nong_Fu.10.1016/j.jwpe.2020.101884,N/A,PAM,N/A
Tibet_Ge_Sang.10.1016/j.jwpe.2020.101884,N/A,PET,N/A
Tibet_Ge_Sang.10.1016/j.jwpe.2020.101884,N/A,cellulose,N/A
ALKAO.UA.10.1016/j.jwpe.2020.101884,N/A,PE,N/A
ALKAO.UA.10.1016/j.jwpe.2020.101884,N/A,PET,N/A
ALKAO.UA.10.1016/j.jwpe.2020.101884,N/A,cellulose,N/A
Ban_Ma.10.1016/j.jwpe.2020.101884,N/A,PE,N/A
Ban_Ma.10.1016/j.jwpe.2020.101884,N/A,cellulose,N/A
Ban_Ma.10.1016/j.jwpe.2020.101884,N/A,PA,N/A
Shi_Lin.10.1016/j.jwpe.2020.101884,N/A,PET,N/A
Shi_Lin.10.1016/j.jwpe.2020.101884,N/A,cellulose,N/A
Shi_Lin.10.1016/j.jwpe.2020.101884,N/A,PA,N/A
LAVA.10.1016/j.jwpe.2020.101884,N/A,PS,N/A
LAVA.10.1016/j.jwpe.2020.101884,N/A,cellulose,N/A
Watsons.10.1016/j.jwpe.2020.101884,N/A,PET,N/A
Watsons.10.1016/j.jwpe.2020.101884,N/A,PU,N/A
Watsons.10.1016/j.jwpe.2020.101884,N/A,cellulose,N/A
Watsons.10.1016/j.jwpe.2020.101884,N/A,PA,N/A
Hui_Shan_Gu.10.1016/j.jwpe.2020.101884,N/A,PS,N/A
Hui_Shan_Gu.10.1016/j.jwpe.2020.101884,N/A,cellulose,N/A
Nong_Shi.10.1016/j.jwpe.2020.101884,N/A,cellulose,N/A
Nong_Shi.10.1016/j.jwpe.2020.101884,N/A,PAA,N/A
Jin_Mai_lang.10.1016/j.jwpe.2020.101884,N/A,PET,N/A
Jin_Mai_lang.10.1016/j.jwpe.2020.101884,N/A,cellulose,N/A
Ganten_Purified_Water.10.1016/j.jwpe.2020.101884,N/A,cellulose,N/A
Nestle_Pure_Life.10.1016/j.jwpe.2020.101884,N/A,PE,N/A
Nestle_Pure_Life.10.1016/j.jwpe.2020.101884,N/A,PET,N/A
Nestle_Pure_Life.10.1016/j.jwpe.2020.101884,N/A,PS,N/A
Nestle_Pure_Life.10.1016/j.jwpe.2020.101884,N/A,cellulose,N/A
Nestle_Pure_Life.10.1016/j.jwpe.2020.101884,N/A,PAA,N/A
Nestle_Pure_Life.10.1016/j.jwpe.2020.101884,N/A,PA,N/A
Nestle_Pure_Life.10.1016/j.jwpe.2020.101884,N/A,PEVA,N/A
Tian_Di_Jing_Hua.10.1016/j.jwpe.2020.101884,N/A,PU,N/A
Tian_Di_Jing_Hua.10.1016/j.jwpe.2020.101884,N/A,cellulose,N/A
Tian_Di_Jing_Hua.10.1016/j.jwpe.2020.101884,N/A,PAA,N/A
Tian_Di_Jing_Hua.10.1016/j.jwpe.2020.101884,N/A,PA,N/A
Raw.10.1007/s11356-021-13220-1,N/A,PE,N/A
Raw.10.1007/s11356-021-13220-1,N/A,ABS,N/A
Raw.10.1007/s11356-021-13220-1,N/A,PAN,N/A
Raw.10.1007/s11356-021-13220-1,N/A,PS,N/A
Raw.10.1007/s11356-021-13220-1,N/A,PES,N/A
Raw.10.1007/s11356-021-13220-1,N/A,PP,N/A
Sand.10.1007/s11356-021-13220-1,N/A,ER,N/A
Sand.10.1007/s11356-021-13220-1,N/A,PTFE,N/A
Sand.10.1007/s11356-021-13220-1,N/A,PA,N/A
Sand.10.1007/s11356-021-13220-1,N/A,AR,N/A
Sand.10.1007/s11356-021-13220-1,N/A,PAN,N/A
Sand.10.1007/s11356-021-13220-1,N/A,PES,N/A
Sand.10.1007/s11356-021-13220-1,N/A,PP,N/A
GAC.10.1007/s11356-021-13220-1,N/A,ER,N/A
GAC.10.1007/s11356-021-13220-1,N/A,PTFE,N/A
GAC.10.1007/s11356-021-13220-1,N/A,PA,N/A
GAC.10.1007/s11356-021-13220-1,N/A,PAN,N/A
GAC.10.1007/s11356-021-13220-1,N/A,PES,N/A
GAC.10.1007/s11356-021-13220-1,N/A,PP,N/A
Reverse_Osmosis.10.1007/s11356-021-13220-1,N/A,PA,N/A
Reverse_Osmosis.10.1007/s11356-021-13220-1,N/A,AR,N/A
Reverse_Osmosis.10.1007/s11356-021-13220-1,N/A,PAN,N/A
Reverse_Osmosis.10.1007/s11356-021-13220-1,N/A,PS,N/A
Reverse_Osmosis.10.1007/s11356-021-13220-1,N/A,PES,N/A
Reverse_Osmosis.10.1007/s11356-021-13220-1,N/A,PP,N/A
Finished.10.1007/s11356-021-13220-1,N/A,PVA,N/A
Finished.10.1007/s11356-021-13220-1,N/A,ABS,N/A
Finished.10.1007/s11356-021-13220-1,N/A,PS,N/A
Finished.10.1007/s11356-021-13220-1,N/A,PES,N/A
Finished.10.1007/s11356-021-13220-1,N/A,PP,N/A
Single_PET2.10.1016/j.cofs.2021.02.011,N/A,PET,N/A
Single_PET2.10.1016/j.cofs.2021.02.011,N/A,PP,N/A
Single_PET2.10.1016/j.cofs.2021.02.011,N/A,PE,N/A
Returnable_PET2.10.1016/j.cofs.2021.02.011,N/A,PET,N/A
Returnable_PET2.10.1016/j.cofs.2021.02.011,N/A,PP,N/A
Returnable_PET2.10.1016/j.cofs.2021.02.011,N/A,PE,N/A
Glass2_10.1016/j.cofs.2021.02.011,N/A,PE,N/A
Glass2_10.1016/j.cofs.2021.02.011,N/A,PP,N/A
Glass2_10.1016/j.cofs.2021.02.011,N/A,SBC,N/A
Glass2_10.1016/j.cofs.2021.02.011,N/A,PET,N/A
Single_PET3.10.1016/j.cofs.2021.02.011,N/A,PP,N/A
Single_PET3.10.1016/j.cofs.2021.02.011,N/A,PA,N/A
Single_PET3.10.1016/j.cofs.2021.02.011,N/A,PS,N/A
Single_PET3.10.1016/j.cofs.2021.02.011,N/A,PE,N/A
Glass3.10.1016/j.cofs.2021.02.011,N/A,PEST,N/A
Single_PET5.10.1016/j.cofs.2021.02.011,N/A,PET,N/A
Single_PET5.10.1016/j.cofs.2021.02.011,N/A,PE,N/A
Single_PET5.10.1016/j.cofs.2021.02.011,N/A,PP,N/A
Single_PET5.10.1016/j.cofs.2021.02.011,N/A,PA,N/A
Glass4.10.1016/j.cofs.2021.02.011,N/A,PE,N/A
Glass4.10.1016/j.cofs.2021.02.011,N/A,PP,N/A
Glass4.10.1016/j.cofs.2021.02.011,N/A,PET,N/A
Milence.10.1016/j.scitotenv.2020.140236,Milence_Fibers.10.1016/j.scitotenv.2020.140236,CA,N/A
Milence.10.1016/j.scitotenv.2020.140236,Milence_Fibers.10.1016/j.scitotenv.2020.140236,PET,N/A
Milence.10.1016/j.scitotenv.2020.140236,Milence_Fibers.10.1016/j.scitotenv.2020.140236,PVC,N/A
Milence.10.1016/j.scitotenv.2020.140236,Milence_Fibers.10.1016/j.scitotenv.2020.140236,PE,N/A
Milence.10.1016/j.scitotenv.2020.140236,Milence_Fibers.10.1016/j.scitotenv.2020.140236,PBA,N/A
Milence.10.1016/j.scitotenv.2020.140236,Milence_Fibers.10.1016/j.scitotenv.2020.140236,PTFE,N/A
Milence.10.1016/j.scitotenv.2020.140236,Milence_Fragments.10.1016/j.scitotenv.2020.140236,CA,N/A
Milence.10.1016/j.scitotenv.2020.140236,Milence_Fragments.10.1016/j.scitotenv.2020.140236,PET,N/A
Milence.10.1016/j.scitotenv.2020.140236,Milence_Fragments.10.1016/j.scitotenv.2020.140236,PVC,N/A
Milence.10.1016/j.scitotenv.2020.140236,Milence_Fragments.10.1016/j.scitotenv.2020.140236,PE,N/A
Milence.10.1016/j.scitotenv.2020.140236,Milence_Fragments.10.1016/j.scitotenv.2020.140236,PBA,N/A
Milence.10.1016/j.scitotenv.2020.140236,Milence_Fragments.10.1016/j.scitotenv.2020.140236,PTFE,N/A
Plzen.10.1016/j.scitotenv.2020.140236,Plzen_Fibers.10.1016/j.scitotenv.2020.140236,CA,N/A
Plzen.10.1016/j.scitotenv.2020.140236,Plzen_Fibers.10.1016/j.scitotenv.2020.140236,PET,N/A
Plzen.10.1016/j.scitotenv.2020.140236,Plzen_Fibers.10.1016/j.scitotenv.2020.140236,PVC,N/A
Plzen.10.1016/j.scitotenv.2020.140236,Plzen_Fibers.10.1016/j.scitotenv.2020.140236,PE,N/A
Plzen.10.1016/j.scitotenv.2020.140236,Plzen_Fibers.10.1016/j.scitotenv.2020.140236,PP,N/A
Plzen.10.1016/j.scitotenv.2020.140236,Plzen_Fibers.10.1016/j.scitotenv.2020.140236,PS,N/A
Plzen.10.1016/j.scitotenv.2020.140236,Plzen_Fibers.10.1016/j.scitotenv.2020.140236,other,N/A
Plzen.10.1016/j.scitotenv.2020.140236,Plzen_Fragments.10.1016/j.scitotenv.2020.140236,CA,N/A
Plzen.10.1016/j.scitotenv.2020.140236,Plzen_Fragments.10.1016/j.scitotenv.2020.140236,PET,N/A
Plzen.10.1016/j.scitotenv.2020.140236,Plzen_Fragments.10.1016/j.scitotenv.2020.140236,PVC,N/A
Plzen.10.1016/j.scitotenv.2020.140236,Plzen_Fragments.10.1016/j.scitotenv.2020.140236,PE,N/A
Plzen.10.1016/j.scitotenv.2020.140236,Plzen_Fragments.10.1016/j.scitotenv.2020.140236,PP,N/A
Plzen.10.1016/j.scitotenv.2020.140236,Plzen_Fragments.10.1016/j.scitotenv.2020.140236,PS,N/A
Plzen.10.1016/j.scitotenv.2020.140236,Plzen_Fragments.10.1016/j.scitotenv.2020.140236,other,N/A
10.1016/j.chemosphere.2020.126493,1.10.1016/j.chemosphere.2020.126493,PE,26.7%
10.1016/j.chemosphere.2020.126493,1.10.1016/j.chemosphere.2020.126493,PP,24.4%
10.1016/j.chemosphere.2020.126493,1.10.1016/j.chemosphere.2020.126493,PE+PP,22%
10.1016/j.chemosphere.2020.126493,1.10.1016/j.chemosphere.2020.126493,PPS,7.3%
10.1016/j.chemosphere.2020.126493,1.10.1016/j.chemosphere.2020.126493,PS,6.5%
10.1016/j.chemosphere.2020.126493,1.10.1016/j.chemosphere.2020.126493,PET,3.3%
10.1016/j.chemosphere.2020.126493,1.10.1016/j.chemosphere.2020.126493,others,9.8%
10.1016/j.chemosphere.2020.126493,2.10.1016/j.chemosphere.2020.126493,PE,26.7%
10.1016/j.chemosphere.2020.126493,2.10.1016/j.chemosphere.2020.126493,PP,24.4%
10.1016/j.chemosphere.2020.126493,2.10.1016/j.chemosphere.2020.126493,PE+PP,22%
10.1016/j.chemosphere.2020.126493,2.10.1016/j.chemosphere.2020.126493,PPS,7.3%
10.1016/j.chemosphere.2020.126493,2.10.1016/j.chemosphere.2020.126493,PS,6.5%
10.1016/j.chemosphere.2020.126493,2.10.1016/j.chemosphere.2020.126493,PET,3.3%
10.1016/j.chemosphere.2020.126493,2.10.1016/j.chemosphere.2020.126493,others,9.8%
10.1016/j.chemosphere.2020.126493,3.10.1016/j.chemosphere.2020.126493,PE,26.7%
10.1016/j.chemosphere.2020.126493,3.10.1016/j.chemosphere.2020.126493,PP,24.4%
10.1016/j.chemosphere.2020.126493,3.10.1016/j.chemosphere.2020.126493,PE+PP,22%
10.1016/j.chemosphere.2020.126493,3.10.1016/j.chemosphere.2020.126493,PPS,7.3%
10.1016/j.chemosphere.2020.126493,3.10.1016/j.chemosphere.2020.126493,PS,6.5%
10.1016/j.chemosphere.2020.126493,3.10.1016/j.chemosphere.2020.126493,PET,3.3%
10.1016/j.chemosphere.2020.126493,3.10.1016/j.chemosphere.2020.126493,others,9.8%
10.1016/j.chemosphere.2020.126493,4.10.1016/j.chemosphere.2020.126493,PE,26.7%
10.1016/j.chemosphere.2020.126493,4.10.1016/j.chemosphere.2020.126493,PP,24.4%
10.1016/j.chemosphere.2020.126493,4.10.1016/j.chemosphere.2020.126493,PE+PP,22%
10.1016/j.chemosphere.2020.126493,4.10.1016/j.chemosphere.2020.126493,PPS,7.3%
10.1016/j.chemosphere.2020.126493,4.10.1016/j.chemosphere.2020.126493,PS,6.5%
10.1016/j.chemosphere.2020.126493,4.10.1016/j.chemosphere.2020.126493,PET,3.3%
10.1016/j.chemosphere.2020.126493,4.10.1016/j.chemosphere.2020.126493,others,9.8%
10.1016/j.chemosphere.2020.126493,5.10.1016/j.chemosphere.2020.126493,PE,26.7%
10.1016/j.chemosphere.2020.126493,5.10.1016/j.chemosphere.2020.126493,PP,24.4%
10.1016/j.chemosphere.2020.126493,5.10.1016/j.chemosphere.2020.126493,PE+PP,22%
10.1016/j.chemosphere.2020.126493,5.10.1016/j.chemosphere.2020.126493,PPS,7.3%
10.1016/j.chemosphere.2020.126493,5.10.1016/j.chemosphere.2020.126493,PS,6.5%
10.1016/j.chemosphere.2020.126493,5.10.1016/j.chemosphere.2020.126493,PET,3.3%
10.1016/j.chemosphere.2020.126493,5.10.1016/j.chemosphere.2020.126493,others,9.8%
10.1016/j.chemosphere.2020.126493,6.10.1016/j.chemosphere.2020.126493,PE,26.7%
10.1016/j.chemosphere.2020.126493,6.10.1016/j.chemosphere.2020.126493,PP,24.4%
10.1016/j.chemosphere.2020.126493,6.10.1016/j.chemosphere.2020.126493,PE+PP,22%
10.1016/j.chemosphere.2020.126493,6.10.1016/j.chemosphere.2020.126493,PPS,7.3%
10.1016/j.chemosphere.2020.126493,6.10.1016/j.chemosphere.2020.126493,PS,6.5%
10.1016/j.chemosphere.2020.126493,6.10.1016/j.chemosphere.2020.126493,PET,3.3%
10.1016/j.chemosphere.2020.126493,6.10.1016/j.chemosphere.2020.126493,others,9.8%
10.1016/j.chemosphere.2020.126493,7.10.1016/j.chemosphere.2020.126493,PE,26.7%
10.1016/j.chemosphere.2020.126493,7.10.1016/j.chemosphere.2020.126493,PP,24.4%
10.1016/j.chemosphere.2020.126493,7.10.1016/j.chemosphere.2020.126493,PE+PP,22%
10.1016/j.chemosphere.2020.126493,7.10.1016/j.chemosphere.2020.126493,PPS,7.3%
10.1016/j.chemosphere.2020.126493,7.10.1016/j.chemosphere.2020.126493,PS,6.5%
10.1016/j.chemosphere.2020.126493,7.10.1016/j.chemosphere.2020.126493,PET,3.3%
10.1016/j.chemosphere.2020.126493,7.10.1016/j.chemosphere.2020.126493,others,9.8%
10.1016/j.chemosphere.2020.126493,8.10.1016/j.chemosphere.2020.126493,PE,26.7%
10.1016/j.chemosphere.2020.126493,8.10.1016/j.chemosphere.2020.126493,PP,24.4%
10.1016/j.chemosphere.2020.126493,8.10.1016/j.chemosphere.2020.126493,PE+PP,22%
10.1016/j.chemosphere.2020.126493,8.10.1016/j.chemosphere.2020.126493,PPS,7.3%
10.1016/j.chemosphere.2020.126493,8.10.1016/j.chemosphere.2020.126493,PS,6.5%
10.1016/j.chemosphere.2020.126493,8.10.1016/j.chemosphere.2020.126493,PET,3.3%
10.1016/j.chemosphere.2020.126493,8.10.1016/j.chemosphere.2020.126493,others,9.8%
10.1016/j.chemosphere.2020.126493,9.10.1016/j.chemosphere.2020.126493,PE,26.7%
10.1016/j.chemosphere.2020.126493,9.10.1016/j.chemosphere.2020.126493,PP,24.4%
10.1016/j.chemosphere.2020.126493,9.10.1016/j.chemosphere.2020.126493,PE+PP,22%
10.1016/j.chemosphere.2020.126493,9.10.1016/j.chemosphere.2020.126493,PPS,7.3%
10.1016/j.chemosphere.2020.126493,9.10.1016/j.chemosphere.2020.126493,PS,6.5%
10.1016/j.chemosphere.2020.126493,9.10.1016/j.chemosphere.2020.126493,PET,3.3%
10.1016/j.chemosphere.2020.126493,9.10.1016/j.chemosphere.2020.126493,others,9.8%
10.1016/j.chemosphere.2020.126493,10.10.1016/j.chemosphere.2020.126493,PE,26.7%
10.1016/j.chemosphere.2020.126493,10.10.1016/j.chemosphere.2020.126493,PP,24.4%
10.1016/j.chemosphere.2020.126493,10.10.1016/j.chemosphere.2020.126493,PE+PP,22%
10.1016/j.chemosphere.2020.126493,10.10.1016/j.chemosphere.2020.126493,PPS,7.3%
10.1016/j.chemosphere.2020.126493,10.10.1016/j.chemosphere.2020.126493,PS,6.5%
10.1016/j.chemosphere.2020.126493,10.10.1016/j.chemosphere.2020.126493,PET,3.3%
10.1016/j.chemosphere.2020.126493,10.10.1016/j.chemosphere.2020.126493,others,9.8%
10.1016/j.chemosphere.2020.126493,11.10.1016/j.chemosphere.2020.126493,PE,26.7%
10.1016/j.chemosphere.2020.126493,11.10.1016/j.chemosphere.2020.126493,PP,24.4%
10.1016/j.chemosphere.2020.126493,11.10.1016/j.chemosphere.2020.126493,PE+PP,22%
10.1016/j.chemosphere.2020.126493,11.10.1016/j.chemosphere.2020.126493,PPS,7.3%
10.1016/j.chemosphere.2020.126493,11.10.1016/j.chemosphere.2020.126493,PS,6.5%
10.1016/j.chemosphere.2020.126493,11.10.1016/j.chemosphere.2020.126493,PET,3.3%
10.1016/j.chemosphere.2020.126493,11.10.1016/j.chemosphere.2020.126493,others,9.8%
10.1016/j.chemosphere.2020.126493,12.10.1016/j.chemosphere.2020.126493,PE,26.7%
10.1016/j.chemosphere.2020.126493,12.10.1016/j.chemosphere.2020.126493,PP,24.4%
10.1016/j.chemosphere.2020.126493,12.10.1016/j.chemosphere.2020.126493,PE+PP,22%
10.1016/j.chemosphere.2020.126493,12.10.1016/j.chemosphere.2020.126493,PPS,7.3%
10.1016/j.chemosphere.2020.126493,12.10.1016/j.chemosphere.2020.126493,PS,6.5%
10.1016/j.chemosphere.2020.126493,12.10.1016/j.chemosphere.2020.126493,PET,3.3%
10.1016/j.chemosphere.2020.126493,12.10.1016/j.chemosphere.2020.126493,others,9.8%
10.1016/j.chemosphere.2020.126493,13.10.1016/j.chemosphere.2020.126493,PE,26.7%
10.1016/j.chemosphere.2020.126493,13.10.1016/j.chemosphere.2020.126493,PP,24.4%
10.1016/j.chemosphere.2020.126493,13.10.1016/j.chemosphere.2020.126493,PE+PP,22%
10.1016/j.chemosphere.2020.126493,13.10.1016/j.chemosphere.2020.126493,PPS,7.3%
10.1016/j.chemosphere.2020.126493,13.10.1016/j.chemosphere.2020.126493,PS,6.5%
10.1016/j.chemosphere.2020.126493,13.10.1016/j.chemosphere.2020.126493,PET,3.3%
10.1016/j.chemosphere.2020.126493,13.10.1016/j.chemosphere.2020.126493,others,9.8%
10.1016/j.chemosphere.2020.126493,14.10.1016/j.chemosphere.2020.126493,PE,26.7%
10.1016/j.chemosphere.2020.126493,14.10.1016/j.chemosphere.2020.126493,PP,24.4%
10.1016/j.chemosphere.2020.126493,14.10.1016/j.chemosphere.2020.126493,PE+PP,22%
10.1016/j.chemosphere.2020.126493,14.10.1016/j.chemosphere.2020.126493,PPS,7.3%
10.1016/j.chemosphere.2020.126493,14.10.1016/j.chemosphere.2020.126493,PS,6.5%
10.1016/j.chemosphere.2020.126493,14.10.1016/j.chemosphere.2020.126493,PET,3.3%
10.1016/j.chemosphere.2020.126493,14.10.1016/j.chemosphere.2020.126493,others,9.8%
10.1016/j.chemosphere.2020.126493,15.10.1016/j.chemosphere.2020.126493,PE,26.7%
10.1016/j.chemosphere.2020.126493,15.10.1016/j.chemosphere.2020.126493,PP,24.4%
10.1016/j.chemosphere.2020.126493,15.10.1016/j.chemosphere.2020.126493,PE+PP,22%
10.1016/j.chemosphere.2020.126493,15.10.1016/j.chemosphere.2020.126493,PPS,7.3%
10.1016/j.chemosphere.2020.126493,15.10.1016/j.chemosphere.2020.126493,PS,6.5%
10.1016/j.chemosphere.2020.126493,15.10.1016/j.chemosphere.2020.126493,PET,3.3%
10.1016/j.chemosphere.2020.126493,15.10.1016/j.chemosphere.2020.126493,others,9.8%
10.1016/j.chemosphere.2020.126493,16.10.1016/j.chemosphere.2020.126493,PE,26.7%
10.1016/j.chemosphere.2020.126493,16.10.1016/j.chemosphere.2020.126493,PP,24.4%
10.1016/j.chemosphere.2020.126493,16.10.1016/j.chemosphere.2020.126493,PE+PP,22%
10.1016/j.chemosphere.2020.126493,16.10.1016/j.chemosphere.2020.126493,PPS,7.3%
10.1016/j.chemosphere.2020.126493,16.10.1016/j.chemosphere.2020.126493,PS,6.5%
10.1016/j.chemosphere.2020.126493,16.10.1016/j.chemosphere.2020.126493,PET,3.3%
10.1016/j.chemosphere.2020.126493,16.10.1016/j.chemosphere.2020.126493,others,9.8%
10.1016/j.chemosphere.2020.126493,17.10.1016/j.chemosphere.2020.126493,PE,26.7%
10.1016/j.chemosphere.2020.126493,17.10.1016/j.chemosphere.2020.126493,PP,24.4%
10.1016/j.chemosphere.2020.126493,17.10.1016/j.chemosphere.2020.126493,PE+PP,22%
10.1016/j.chemosphere.2020.126493,17.10.1016/j.chemosphere.2020.126493,PPS,7.3%
10.1016/j.chemosphere.2020.126493,17.10.1016/j.chemosphere.2020.126493,PS,6.5%
10.1016/j.chemosphere.2020.126493,17.10.1016/j.chemosphere.2020.126493,PET,3.3%
10.1016/j.chemosphere.2020.126493,17.10.1016/j.chemosphere.2020.126493,others,9.8%
10.1016/j.chemosphere.2020.126493,18.10.1016/j.chemosphere.2020.126493,PE,26.7%
10.1016/j.chemosphere.2020.126493,18.10.1016/j.chemosphere.2020.126493,PP,24.4%
10.1016/j.chemosphere.2020.126493,18.10.1016/j.chemosphere.2020.126493,PE+PP,22%
10.1016/j.chemosphere.2020.126493,18.10.1016/j.chemosphere.2020.126493,PPS,7.3%
10.1016/j.chemosphere.2020.126493,18.10.1016/j.chemosphere.2020.126493,PS,6.5%
10.1016/j.chemosphere.2020.126493,18.10.1016/j.chemosphere.2020.126493,PET,3.3%
10.1016/j.chemosphere.2020.126493,18.10.1016/j.chemosphere.2020.126493,others,9.8%
10.1016/j.chemosphere.2020.126493,19.10.1016/j.chemosphere.2020.126493,PE,26.7%
10.1016/j.chemosphere.2020.126493,19.10.1016/j.chemosphere.2020.126493,PP,24.4%
10.1016/j.chemosphere.2020.126493,19.10.1016/j.chemosphere.2020.126493,PE+PP,22%
10.1016/j.chemosphere.2020.126493,19.10.1016/j.chemosphere.2020.126493,PPS,7.3%
10.1016/j.chemosphere.2020.126493,19.10.1016/j.chemosphere.2020.126493,PS,6.5%
10.1016/j.chemosphere.2020.126493,19.10.1016/j.chemosphere.2020.126493,PET,3.3%
10.1016/j.chemosphere.2020.126493,19.10.1016/j.chemosphere.2020.126493,others,9.8%
10.1016/j.chemosphere.2020.126493,20.10.1016/j.chemosphere.2020.126493,PE,26.7%
10.1016/j.chemosphere.2020.126493,20.10.1016/j.chemosphere.2020.126493,PP,24.4%
10.1016/j.chemosphere.2020.126493,20.10.1016/j.chemosphere.2020.126493,PE+PP,22%
10.1016/j.chemosphere.2020.126493,20.10.1016/j.chemosphere.2020.126493,PPS,7.3%
10.1016/j.chemosphere.2020.126493,20.10.1016/j.chemosphere.2020.126493,PS,6.5%
10.1016/j.chemosphere.2020.126493,20.10.1016/j.chemosphere.2020.126493,PET,3.3%
10.1016/j.chemosphere.2020.126493,20.10.1016/j.chemosphere.2020.126493,others,9.8%
10.1016/j.chemosphere.2020.126493,21.10.1016/j.chemosphere.2020.126493,PE,26.7%
10.1016/j.chemosphere.2020.126493,21.10.1016/j.chemosphere.2020.126493,PP,24.4%
10.1016/j.chemosphere.2020.126493,21.10.1016/j.chemosphere.2020.126493,PE+PP,22%
10.1016/j.chemosphere.2020.126493,21.10.1016/j.chemosphere.2020.126493,PPS,7.3%
10.1016/j.chemosphere.2020.126493,21.10.1016/j.chemosphere.2020.126493,PS,6.5%
10.1016/j.chemosphere.2020.126493,21.10.1016/j.chemosphere.2020.126493,PET,3.3%
10.1016/j.chemosphere.2020.126493,21.10.1016/j.chemosphere.2020.126493,others,9.8%
10.1016/j.chemosphere.2020.126493,22.10.1016/j.chemosphere.2020.126493,PE,26.7%
10.1016/j.chemosphere.2020.126493,22.10.1016/j.chemosphere.2020.126493,PP,24.4%
10.1016/j.chemosphere.2020.126493,22.10.1016/j.chemosphere.2020.126493,PE+PP,22%
10.1016/j.chemosphere.2020.126493,22.10.1016/j.chemosphere.2020.126493,PPS,7.3%
10.1016/j.chemosphere.2020.126493,22.10.1016/j.chemosphere.2020.126493,PS,6.5%
10.1016/j.chemosphere.2020.126493,22.10.1016/j.chemosphere.2020.126493,PET,3.3%
10.1016/j.chemosphere.2020.126493,22.10.1016/j.chemosphere.2020.126493,others,9.8%
10.1016/j.chemosphere.2020.126493,23.10.1016/j.chemosphere.2020.126493,PE,26.7%
10.1016/j.chemosphere.2020.126493,23.10.1016/j.chemosphere.2020.126493,PP,24.4%
10.1016/j.chemosphere.2020.126493,23.10.1016/j.chemosphere.2020.126493,PE+PP,22%
10.1016/j.chemosphere.2020.126493,23.10.1016/j.chemosphere.2020.126493,PPS,7.3%
10.1016/j.chemosphere.2020.126493,23.10.1016/j.chemosphere.2020.126493,PS,6.5%
10.1016/j.chemosphere.2020.126493,23.10.1016/j.chemosphere.2020.126493,PET,3.3%
10.1016/j.chemosphere.2020.126493,23.10.1016/j.chemosphere.2020.126493,others,9.8%
10.1016/j.chemosphere.2020.126493,24.10.1016/j.chemosphere.2020.126493,PE,26.7%
10.1016/j.chemosphere.2020.126493,24.10.1016/j.chemosphere.2020.126493,PP,24.4%
10.1016/j.chemosphere.2020.126493,24.10.1016/j.chemosphere.2020.126493,PE+PP,22%
10.1016/j.chemosphere.2020.126493,24.10.1016/j.chemosphere.2020.126493,PPS,7.3%
10.1016/j.chemosphere.2020.126493,24.10.1016/j.chemosphere.2020.126493,PS,6.5%
10.1016/j.chemosphere.2020.126493,24.10.1016/j.chemosphere.2020.126493,PET,3.3%
10.1016/j.chemosphere.2020.126493,24.10.1016/j.chemosphere.2020.126493,others,9.8%
10.1016/j.chemosphere.2020.126493,25.10.1016/j.chemosphere.2020.126493,PE,26.7%
10.1016/j.chemosphere.2020.126493,25.10.1016/j.chemosphere.2020.126493,PP,24.4%
10.1016/j.chemosphere.2020.126493,25.10.1016/j.chemosphere.2020.126493,PE+PP,22%
10.1016/j.chemosphere.2020.126493,25.10.1016/j.chemosphere.2020.126493,PPS,7.3%
10.1016/j.chemosphere.2020.126493,25.10.1016/j.chemosphere.2020.126493,PS,6.5%
10.1016/j.chemosphere.2020.126493,25.10.1016/j.chemosphere.2020.126493,PET,3.3%
10.1016/j.chemosphere.2020.126493,25.10.1016/j.chemosphere.2020.126493,others,9.8%
10.1016/j.chemosphere.2020.126493,26.10.1016/j.chemosphere.2020.126493,PE,26.7%
10.1016/j.chemosphere.2020.126493,26.10.1016/j.chemosphere.2020.126493,PP,24.4%
10.1016/j.chemosphere.2020.126493,26.10.1016/j.chemosphere.2020.126493,PE+PP,22%
10.1016/j.chemosphere.2020.126493,26.10.1016/j.chemosphere.2020.126493,PPS,7.3%
10.1016/j.chemosphere.2020.126493,26.10.1016/j.chemosphere.2020.126493,PS,6.5%
10.1016/j.chemosphere.2020.126493,26.10.1016/j.chemosphere.2020.126493,PET,3.3%
10.1016/j.chemosphere.2020.126493,26.10.1016/j.chemosphere.2020.126493,others,9.8%
10.1016/j.chemosphere.2020.126493,27.10.1016/j.chemosphere.2020.126493,PE,26.7%
10.1016/j.chemosphere.2020.126493,27.10.1016/j.chemosphere.2020.126493,PP,24.4%
10.1016/j.chemosphere.2020.126493,27.10.1016/j.chemosphere.2020.126493,PE+PP,22%
10.1016/j.chemosphere.2020.126493,27.10.1016/j.chemosphere.2020.126493,PPS,7.3%
10.1016/j.chemosphere.2020.126493,27.10.1016/j.chemosphere.2020.126493,PS,6.5%
10.1016/j.chemosphere.2020.126493,27.10.1016/j.chemosphere.2020.126493,PET,3.3%
10.1016/j.chemosphere.2020.126493,27.10.1016/j.chemosphere.2020.126493,others,9.8%
10.1016/j.chemosphere.2020.126493,28.10.1016/j.chemosphere.2020.126493,PE,26.7%
10.1016/j.chemosphere.2020.126493,28.10.1016/j.chemosphere.2020.126493,PP,24.4%
10.1016/j.chemosphere.2020.126493,28.10.1016/j.chemosphere.2020.126493,PE+PP,22%
10.1016/j.chemosphere.2020.126493,28.10.1016/j.chemosphere.2020.126493,PPS,7.3%
10.1016/j.chemosphere.2020.126493,28.10.1016/j.chemosphere.2020.126493,PS,6.5%
10.1016/j.chemosphere.2020.126493,28.10.1016/j.chemosphere.2020.126493,PET,3.3%
10.1016/j.chemosphere.2020.126493,28.10.1016/j.chemosphere.2020.126493,others,9.8%
10.1016/j.chemosphere.2020.126493,29.10.1016/j.chemosphere.2020.126493,PE,26.7%
10.1016/j.chemosphere.2020.126493,29.10.1016/j.chemosphere.2020.126493,PP,24.4%
10.1016/j.chemosphere.2020.126493,29.10.1016/j.chemosphere.2020.126493,PE+PP,22%
10.1016/j.chemosphere.2020.126493,29.10.1016/j.chemosphere.2020.126493,PPS,7.3%
10.1016/j.chemosphere.2020.126493,29.10.1016/j.chemosphere.2020.126493,PS,6.5%
10.1016/j.chemosphere.2020.126493,29.10.1016/j.chemosphere.2020.126493,PET,3.3%
10.1016/j.chemosphere.2020.126493,29.10.1016/j.chemosphere.2020.126493,others,9.8%
10.1016/j.chemosphere.2020.126493,30.10.1016/j.chemosphere.2020.126493,PE,26.7%
10.1016/j.chemosphere.2020.126493,30.10.1016/j.chemosphere.2020.126493,PP,24.4%
10.1016/j.chemosphere.2020.126493,30.10.1016/j.chemosphere.2020.126493,PE+PP,22%
10.1016/j.chemosphere.2020.126493,30.10.1016/j.chemosphere.2020.126493,PPS,7.3%
10.1016/j.chemosphere.2020.126493,30.10.1016/j.chemosphere.2020.126493,PS,6.5%
10.1016/j.chemosphere.2020.126493,30.10.1016/j.chemosphere.2020.126493,PET,3.3%
10.1016/j.chemosphere.2020.126493,30.10.1016/j.chemosphere.2020.126493,others,9.8%
10.1016/j.chemosphere.2020.126493,31.10.1016/j.chemosphere.2020.126493,PE,26.7%
10.1016/j.chemosphere.2020.126493,31.10.1016/j.chemosphere.2020.126493,PP,24.4%
10.1016/j.chemosphere.2020.126493,31.10.1016/j.chemosphere.2020.126493,PE+PP,22%
10.1016/j.chemosphere.2020.126493,31.10.1016/j.chemosphere.2020.126493,PPS,7.3%
10.1016/j.chemosphere.2020.126493,31.10.1016/j.chemosphere.2020.126493,PS,6.5%
10.1016/j.chemosphere.2020.126493,31.10.1016/j.chemosphere.2020.126493,PET,3.3%
10.1016/j.chemosphere.2020.126493,31.10.1016/j.chemosphere.2020.126493,others,9.8%
10.1016/j.chemosphere.2020.126493,32.10.1016/j.chemosphere.2020.126493,PE,26.7%
10.1016/j.chemosphere.2020.126493,32.10.1016/j.chemosphere.2020.126493,PP,24.4%
10.1016/j.chemosphere.2020.126493,32.10.1016/j.chemosphere.2020.126493,PE+PP,22%
10.1016/j.chemosphere.2020.126493,32.10.1016/j.chemosphere.2020.126493,PPS,7.3%
10.1016/j.chemosphere.2020.126493,32.10.1016/j.chemosphere.2020.126493,PS,6.5%
10.1016/j.chemosphere.2020.126493,32.10.1016/j.chemosphere.2020.126493,PET,3.3%
10.1016/j.chemosphere.2020.126493,32.10.1016/j.chemosphere.2020.126493,others,9.8%
10.1016/j.chemosphere.2020.126493,33.10.1016/j.chemosphere.2020.126493,PE,26.7%
10.1016/j.chemosphere.2020.126493,33.10.1016/j.chemosphere.2020.126493,PP,24.4%
10.1016/j.chemosphere.2020.126493,33.10.1016/j.chemosphere.2020.126493,PE+PP,22%
10.1016/j.chemosphere.2020.126493,33.10.1016/j.chemosphere.2020.126493,PPS,7.3%
10.1016/j.chemosphere.2020.126493,33.10.1016/j.chemosphere.2020.126493,PS,6.5%
10.1016/j.chemosphere.2020.126493,33.10.1016/j.chemosphere.2020.126493,PET,3.3%
10.1016/j.chemosphere.2020.126493,33.10.1016/j.chemosphere.2020.126493,others,9.8%
10.1016/j.chemosphere.2020.126493,34.10.1016/j.chemosphere.2020.126493,PE,26.7%
10.1016/j.chemosphere.2020.126493,34.10.1016/j.chemosphere.2020.126493,PP,24.4%
10.1016/j.chemosphere.2020.126493,34.10.1016/j.chemosphere.2020.126493,PE+PP,22%
10.1016/j.chemosphere.2020.126493,34.10.1016/j.chemosphere.2020.126493,PPS,7.3%
10.1016/j.chemosphere.2020.126493,34.10.1016/j.chemosphere.2020.126493,PS,6.5%
10.1016/j.chemosphere.2020.126493,34.10.1016/j.chemosphere.2020.126493,PET,3.3%
10.1016/j.chemosphere.2020.126493,34.10.1016/j.chemosphere.2020.126493,others,9.8%
10.1016/j.chemosphere.2020.126493,35.10.1016/j.chemosphere.2020.126493,PE,26.7%
10.1016/j.chemosphere.2020.126493,35.10.1016/j.chemosphere.2020.126493,PP,24.4%
10.1016/j.chemosphere.2020.126493,35.10.1016/j.chemosphere.2020.126493,PE+PP,22%
10.1016/j.chemosphere.2020.126493,35.10.1016/j.chemosphere.2020.126493,PPS,7.3%
10.1016/j.chemosphere.2020.126493,35.10.1016/j.chemosphere.2020.126493,PS,6.5%
10.1016/j.chemosphere.2020.126493,35.10.1016/j.chemosphere.2020.126493,PET,3.3%
10.1016/j.chemosphere.2020.126493,35.10.1016/j.chemosphere.2020.126493,others,9.8%
10.1016/j.chemosphere.2020.126493,36.10.1016/j.chemosphere.2020.126493,PE,26.7%
10.1016/j.chemosphere.2020.126493,36.10.1016/j.chemosphere.2020.126493,PP,24.4%
10.1016/j.chemosphere.2020.126493,36.10.1016/j.chemosphere.2020.126493,PE+PP,22%
10.1016/j.chemosphere.2020.126493,36.10.1016/j.chemosphere.2020.126493,PPS,7.3%
10.1016/j.chemosphere.2020.126493,36.10.1016/j.chemosphere.2020.126493,PS,6.5%
10.1016/j.chemosphere.2020.126493,36.10.1016/j.chemosphere.2020.126493,PET,3.3%
10.1016/j.chemosphere.2020.126493,36.10.1016/j.chemosphere.2020.126493,others,9.8%
10.1016/j.chemosphere.2020.126493,37.10.1016/j.chemosphere.2020.126493,PE,26.7%
10.1016/j.chemosphere.2020.126493,37.10.1016/j.chemosphere.2020.126493,PP,24.4%
10.1016/j.chemosphere.2020.126493,37.10.1016/j.chemosphere.2020.126493,PE+PP,22%
10.1016/j.chemosphere.2020.126493,37.10.1016/j.chemosphere.2020.126493,PPS,7.3%
10.1016/j.chemosphere.2020.126493,37.10.1016/j.chemosphere.2020.126493,PS,6.5%
10.1016/j.chemosphere.2020.126493,37.10.1016/j.chemosphere.2020.126493,PET,3.3%
10.1016/j.chemosphere.2020.126493,37.10.1016/j.chemosphere.2020.126493,others,9.8%
10.1016/j.chemosphere.2020.126493,38.10.1016/j.chemosphere.2020.126493,PE,26.7%
10.1016/j.chemosphere.2020.126493,38.10.1016/j.chemosphere.2020.126493,PP,24.4%
10.1016/j.chemosphere.2020.126493,38.10.1016/j.chemosphere.2020.126493,PE+PP,22%
10.1016/j.chemosphere.2020.126493,38.10.1016/j.chemosphere.2020.126493,PPS,7.3%
10.1016/j.chemosphere.2020.126493,38.10.1016/j.chemosphere.2020.126493,PS,6.5%
10.1016/j.chemosphere.2020.126493,38.10.1016/j.chemosphere.2020.126493,PET,3.3%
10.1016/j.chemosphere.2020.126493,38.10.1016/j.chemosphere.2020.126493,others,9.8%
Finished.10.1016/j.scitotenv.2019.134520,N/A,PET,485 particles
Finished.10.1016/j.scitotenv.2019.134520,N/A,PE,125 particles
Finished.10.1016/j.scitotenv.2019.134520,N/A,PPE,125 particles
Finished.10.1016/j.scitotenv.2019.134520,N/A,PA,112 particles
Finished.10.1016/j.scitotenv.2019.134520,N/A,others,82 particles
April_DWTP.10.1007/s11356-021-13769-x,N/A,others,N/A
April_DWTP.10.1007/s11356-021-13769-x,N/A,PA,N/A
April_DWTP.10.1007/s11356-021-13769-x,N/A,PVC,N/A
April_DWTP.10.1007/s11356-021-13769-x,N/A,PP,N/A
April_DWTP.10.1007/s11356-021-13769-x,N/A,PET,N/A
April_DWTP.10.1007/s11356-021-13769-x,N/A,PE,N/A
April_Tap.10.1007/s11356-021-13769-x,N/A,others,N/A
April_Tap.10.1007/s11356-021-13769-x,N/A,PA,N/A
April_Tap.10.1007/s11356-021-13769-x,N/A,PVC,N/A
April_Tap.10.1007/s11356-021-13769-x,N/A,PP,N/A
April_Tap.10.1007/s11356-021-13769-x,N/A,PET,N/A
April_Tap.10.1007/s11356-021-13769-x,N/A,PE,N/A
May_DWTP.10.1007/s11356-021-13769-x,N/A,others,N/A
May_DWTP.10.1007/s11356-021-13769-x,N/A,PA,N/A
May_DWTP.10.1007/s11356-021-13769-x,N/A,PVC,N/A
May_DWTP.10.1007/s11356-021-13769-x,N/A,PP,N/A
May_DWTP.10.1007/s11356-021-13769-x,N/A,PET,N/A
May_DWTP.10.1007/s11356-021-13769-x,N/A,PE,N/A
May_Tap.10.1007/s11356-021-13769-x,N/A,others,N/A
May_Tap.10.1007/s11356-021-13769-x,N/A,PA,N/A
May_Tap.10.1007/s11356-021-13769-x,N/A,PVC,N/A
May_Tap.10.1007/s11356-021-13769-x,N/A,PP,N/A
May_Tap.10.1007/s11356-021-13769-x,N/A,PET,N/A
May_Tap.10.1007/s11356-021-13769-x,N/A,PE,N/A
June_DWTP.10.1007/s11356-021-13769-x,N/A,others,N/A
June_DWTP.10.1007/s11356-021-13769-x,N/A,PVC,N/A
June_DWTP.10.1007/s11356-021-13769-x,N/A,PP,N/A
June_DWTP.10.1007/s11356-021-13769-x,N/A,PET,N/A
June_DWTP.10.1007/s11356-021-13769-x,N/A,PE,N/A
June_Tap.10.1007/s11356-021-13769-x,N/A,others,N/A
June_Tap.10.1007/s11356-021-13769-x,N/A,PVC,N/A
June_Tap.10.1007/s11356-021-13769-x,N/A,PP,N/A
June_Tap.10.1007/s11356-021-13769-x,N/A,PET,N/A
June_Tap.10.1007/s11356-021-13769-x,N/A,PE,N/A
July_DWTP.10.1007/s11356-021-13769-x,N/A,others,N/A
July_DWTP.10.1007/s11356-021-13769-x,N/A,PA,N/A
July_DWTP.10.1007/s11356-021-13769-x,N/A,PVC,N/A
July_DWTP.10.1007/s11356-021-13769-x,N/A,PP,N/A
July_DWTP.10.1007/s11356-021-13769-x,N/A,PET,N/A
July_DWTP.10.1007/s11356-021-13769-x,N/A,PE,N/A
July_Tap.10.1007/s11356-021-13769-x,N/A,others,N/A
July_Tap.10.1007/s11356-021-13769-x,N/A,PA,N/A
July_Tap.10.1007/s11356-021-13769-x,N/A,PVC,N/A
July_Tap.10.1007/s11356-021-13769-x,N/A,PP,N/A
July_Tap.10.1007/s11356-021-13769-x,N/A,PET,N/A
July_Tap.10.1007/s11356-021-13769-x,N/A,PE,N/A
TCQS.10.1016/j.scitotenv.2021.148001,N/A,PET,81.8%
TCQS.10.1016/j.scitotenv.2021.148001,N/A,PE,4.4%
TCQS.10.1016/j.scitotenv.2021.148001,N/A,PP,1.7%
TCQS.10.1016/j.scitotenv.2021.148001,N/A,PA,1.0%
TCQS.10.1016/j.scitotenv.2021.148001,N/A,PS,0.7%
TCQS.10.1016/j.scitotenv.2021.148001,N/A,others,10.4%
SHN.10.1016/j.scitotenv.2021.148001,N/A,PET,81.8%
SHN.10.1016/j.scitotenv.2021.148001,N/A,PE,4.4%
SHN.10.1016/j.scitotenv.2021.148001,N/A,PP,1.7%
SHN.10.1016/j.scitotenv.2021.148001,N/A,PA,1.0%
SHN.10.1016/j.scitotenv.2021.148001,N/A,PS,0.7%
SHN.10.1016/j.scitotenv.2021.148001,N/A,others,10.4%
CHQ.10.1016/j.scitotenv.2021.148001,N/A,PET,81.8%
CHQ.10.1016/j.scitotenv.2021.148001,N/A,PE,4.4%
CHQ.10.1016/j.scitotenv.2021.148001,N/A,PP,1.7%
CHQ.10.1016/j.scitotenv.2021.148001,N/A,PA,1.0%
CHQ.10.1016/j.scitotenv.2021.148001,N/A,PS,0.7%
CHQ.10.1016/j.scitotenv.2021.148001,N/A,others,10.4%
CHH.10.1016/j.scitotenv.2021.148001,N/A,PET,81.8%
CHH.10.1016/j.scitotenv.2021.148001,N/A,PE,4.4%
CHH.10.1016/j.scitotenv.2021.148001,N/A,PP,1.7%
CHH.10.1016/j.scitotenv.2021.148001,N/A,PA,1.0%
CHH.10.1016/j.scitotenv.2021.148001,N/A,PS,0.7%
CHH.10.1016/j.scitotenv.2021.148001,N/A,others,10.4%
ZHB.10.1016/j.scitotenv.2021.148001,N/A,PET,81.8%
ZHB.10.1016/j.scitotenv.2021.148001,N/A,PE,4.4%
ZHB.10.1016/j.scitotenv.2021.148001,N/A,PP,1.7%
ZHB.10.1016/j.scitotenv.2021.148001,N/A,PA,1.0%
ZHB.10.1016/j.scitotenv.2021.148001,N/A,PS,0.7%
ZHB.10.1016/j.scitotenv.2021.148001,N/A,others,10.4%
DAS.10.1016/j.scitotenv.2021.148001,N/A,PET,81.8%
DAS.10.1016/j.scitotenv.2021.148001,N/A,PE,4.4%
DAS.10.1016/j.scitotenv.2021.148001,N/A,PP,1.7%
DAS.10.1016/j.scitotenv.2021.148001,N/A,PA,1.0%
DAS.10.1016/j.scitotenv.2021.148001,N/A,PS,0.7%
DAS.10.1016/j.scitotenv.2021.148001,N/A,others,10.4%
XHS.10.1016/j.scitotenv.2021.148001,N/A,PET,81.8%
XHS.10.1016/j.scitotenv.2021.148001,N/A,PE,4.4%
XHS.10.1016/j.scitotenv.2021.148001,N/A,PP,1.7%
XHS.10.1016/j.scitotenv.2021.148001,N/A,PA,1.0%
XHS.10.1016/j.scitotenv.2021.148001,N/A,PS,0.7%
XHS.10.1016/j.scitotenv.2021.148001,N/A,others,10.4%
HNZ.10.1016/j.scitotenv.2021.148001,N/A,PET,81.8%
HNZ.10.1016/j.scitotenv.2021.148001,N/A,PE,4.4%
HNZ.10.1016/j.scitotenv.2021.148001,N/A,PP,1.7%
HNZ.10.1016/j.scitotenv.2021.148001,N/A,PA,1.0%
HNZ.10.1016/j.scitotenv.2021.148001,N/A,PS,0.7%
HNZ.10.1016/j.scitotenv.2021.148001,N/A,others,10.4%
TCH.10.1016/j.scitotenv.2021.148001,N/A,PET,81.8%
TCH.10.1016/j.scitotenv.2021.148001,N/A,PE,4.4%
TCH.10.1016/j.scitotenv.2021.148001,N/A,PP,1.7%
TCH.10.1016/j.scitotenv.2021.148001,N/A,PA,1.0%
TCH.10.1016/j.scitotenv.2021.148001,N/A,PS,0.7%
TCH.10.1016/j.scitotenv.2021.148001,N/A,others,10.4%
WHH.10.1016/j.scitotenv.2021.148001,N/A,PET,81.8%
WHH.10.1016/j.scitotenv.2021.148001,N/A,PE,4.4%
WHH.10.1016/j.scitotenv.2021.148001,N/A,PP,1.7%
WHH.10.1016/j.scitotenv.2021.148001,N/A,PA,1.0%
WHH.10.1016/j.scitotenv.2021.148001,N/A,PS,0.7%
WHH.10.1016/j.scitotenv.2021.148001,N/A,others,10.4%
Spr.10.1016/j.scitotenv.2021.148001,N/A,PET,81.8%
Spr.10.1016/j.scitotenv.2021.148001,N/A,PE,4.4%
Spr.10.1016/j.scitotenv.2021.148001,N/A,PP,1.7%
Spr.10.1016/j.scitotenv.2021.148001,N/A,PA,1.0%
Spr.10.1016/j.scitotenv.2021.148001,N/A,PS,0.7%
Spr.10.1016/j.scitotenv.2021.148001,N/A,others,10.4%
Sum.10.1016/j.scitotenv.2021.148001,N/A,PET,81.8%
Sum.10.1016/j.scitotenv.2021.148001,N/A,PE,4.4%
Sum.10.1016/j.scitotenv.2021.148001,N/A,PP,1.7%
Sum.10.1016/j.scitotenv.2021.148001,N/A,PA,1.0%
Sum.10.1016/j.scitotenv.2021.148001,N/A,PS,0.7%
Sum.10.1016/j.scitotenv.2021.148001,N/A,others,10.4%
Aut.10.1016/j.scitotenv.2021.148001,N/A,PET,81.8%
Aut.10.1016/j.scitotenv.2021.148001,N/A,PE,4.4%
Aut.10.1016/j.scitotenv.2021.148001,N/A,PP,1.7%
Aut.10.1016/j.scitotenv.2021.148001,N/A,PA,1.0%
Aut.10.1016/j.scitotenv.2021.148001,N/A,PS,0.7%
Aut.10.1016/j.scitotenv.2021.148001,N/A,others,10.4%
Win.10.1016/j.scitotenv.2021.148001,N/A,PET,81.8%
Win.10.1016/j.scitotenv.2021.148001,N/A,PE,4.4%
Win.10.1016/j.scitotenv.2021.148001,N/A,PP,1.7%
Win.10.1016/j.scitotenv.2021.148001,N/A,PA,1.0%
Win.10.1016/j.scitotenv.2021.148001,N/A,PS,0.7%
Win.10.1016/j.scitotenv.2021.148001,N/A,others,10.4%
,,,
,,,
,,,
,,,
,,,
,,,